--------------------------------------------------------
--  File created - Saturday-March-14-2015   
--------------------------------------------------------
--------------------------------------------------------
--  DDL for DB Link SP_INT_LINK
--------------------------------------------------------

  CREATE DATABASE LINK "SP_INT_LINK"
   CONNECT TO "SP_INT" IDENTIFIED BY VALUES ':1'
   USING '150.140.142.39:1521/modus';
--------------------------------------------------------
--  DDL for DB Link SP_REG_LINK
--------------------------------------------------------

  CREATE DATABASE LINK "SP_REG_LINK"
   CONNECT TO "SP_REG" IDENTIFIED BY VALUES ':1'
   USING '150.140.142.39:1521/modus';
--------------------------------------------------------
--  DDL for DB Link SP_SP_LINK
--------------------------------------------------------

  CREATE DATABASE LINK "SP_SP_LINK"
   CONNECT TO "SP_SP" IDENTIFIED BY VALUES ':1'
   USING '150.140.142.39:1521/modus';
--------------------------------------------------------
--  DDL for Sequence HIBERNATE_SEQUENCE
--------------------------------------------------------

   CREATE SEQUENCE  "SEPE_DEMO"."HIBERNATE_SEQUENCE"  MINVALUE 1 MAXVALUE 9999999999999999999999999999 INCREMENT BY 1 START WITH 1301 CACHE 20 NOORDER  NOCYCLE  NOPARTITION ;
--------------------------------------------------------
--  DDL for Sequence NOTIFICATIONS_SEQ
--------------------------------------------------------

   CREATE SEQUENCE  "SEPE_DEMO"."NOTIFICATIONS_SEQ"  MINVALUE 1 MAXVALUE 9999999999999999999999999999 INCREMENT BY 1 START WITH 61 CACHE 20 ORDER  NOCYCLE  NOPARTITION ;
--------------------------------------------------------
--  DDL for Sequence PROT_NO_SEQ
--------------------------------------------------------

   CREATE SEQUENCE  "SEPE_DEMO"."PROT_NO_SEQ"  MINVALUE 1 MAXVALUE 99999999 INCREMENT BY 1 START WITH 561 CACHE 20 NOORDER  NOCYCLE  NOPARTITION ;
--------------------------------------------------------
--  DDL for Table LOGGING
--------------------------------------------------------

  CREATE TABLE "SEPE_DEMO"."LOGGING" 
   (	"TIME" TIMESTAMP (6), 
	"TYPE" VARCHAR2(20 BYTE), 
	"MESSAGE" VARCHAR2(1024 BYTE)
   ) SEGMENT CREATION IMMEDIATE 
  PCTFREE 10 PCTUSED 40 INITRANS 1 MAXTRANS 255 
 NOCOMPRESS LOGGING
  STORAGE(INITIAL 65536 NEXT 1048576 MINEXTENTS 1 MAXEXTENTS 2147483645
  PCTINCREASE 0 FREELISTS 1 FREELIST GROUPS 1
  BUFFER_POOL DEFAULT FLASH_CACHE DEFAULT CELL_FLASH_CACHE DEFAULT)
  TABLESPACE "SEPE" ;
--------------------------------------------------------
--  DDL for Table SP_PTL_ASSOCIATION
--------------------------------------------------------

  CREATE TABLE "SEPE_DEMO"."SP_PTL_ASSOCIATION" 
   (	"ID" NUMBER(19,0), 
	"NAME" VARCHAR2(100 BYTE), 
	"TITLE" VARCHAR2(100 BYTE), 
	"AFM" VARCHAR2(50 BYTE), 
	"PHONE" VARCHAR2(50 BYTE), 
	"FAX" VARCHAR2(50 BYTE), 
	"EMAIL" VARCHAR2(50 BYTE), 
	"AME" VARCHAR2(50 BYTE)
   ) SEGMENT CREATION IMMEDIATE 
  PCTFREE 10 PCTUSED 40 INITRANS 1 MAXTRANS 255 
 NOCOMPRESS LOGGING
  STORAGE(INITIAL 65536 NEXT 1048576 MINEXTENTS 1 MAXEXTENTS 2147483645
  PCTINCREASE 0 FREELISTS 1 FREELIST GROUPS 1
  BUFFER_POOL DEFAULT FLASH_CACHE DEFAULT CELL_FLASH_CACHE DEFAULT)
  TABLESPACE "SEPE" ;
--------------------------------------------------------
--  DDL for Table SP_PTL_BRANCH
--------------------------------------------------------

  CREATE TABLE "SEPE_DEMO"."SP_PTL_BRANCH" 
   (	"ID" NUMBER(19,0), 
	"NAME" VARCHAR2(100 BYTE), 
	"TITLE" VARCHAR2(100 BYTE), 
	"AFM" VARCHAR2(50 BYTE), 
	"PHONE" VARCHAR2(50 BYTE), 
	"FAX" VARCHAR2(50 BYTE), 
	"EMAIL" VARCHAR2(50 BYTE), 
	"COMP_ID" NUMBER(19,0)
   ) SEGMENT CREATION IMMEDIATE 
  PCTFREE 10 PCTUSED 40 INITRANS 1 MAXTRANS 255 
 NOCOMPRESS LOGGING
  STORAGE(INITIAL 65536 NEXT 1048576 MINEXTENTS 1 MAXEXTENTS 2147483645
  PCTINCREASE 0 FREELISTS 1 FREELIST GROUPS 1
  BUFFER_POOL DEFAULT FLASH_CACHE DEFAULT CELL_FLASH_CACHE DEFAULT)
  TABLESPACE "SEPE" ;
--------------------------------------------------------
--  DDL for Table SP_PTL_CITIZEN
--------------------------------------------------------

  CREATE TABLE "SEPE_DEMO"."SP_PTL_CITIZEN" 
   (	"ID" NUMBER(19,0), 
	"USER_ID" NUMBER(19,0)
   ) SEGMENT CREATION IMMEDIATE 
  PCTFREE 10 PCTUSED 40 INITRANS 1 MAXTRANS 255 
 NOCOMPRESS LOGGING
  STORAGE(INITIAL 65536 NEXT 1048576 MINEXTENTS 1 MAXEXTENTS 2147483645
  PCTINCREASE 0 FREELISTS 1 FREELIST GROUPS 1
  BUFFER_POOL DEFAULT FLASH_CACHE DEFAULT CELL_FLASH_CACHE DEFAULT)
  TABLESPACE "SEPE" ;
--------------------------------------------------------
--  DDL for Table SP_PTL_COMPANY
--------------------------------------------------------

  CREATE TABLE "SEPE_DEMO"."SP_PTL_COMPANY" 
   (	"ID" NUMBER(19,0), 
	"NAME" VARCHAR2(300 BYTE), 
	"TITLE" VARCHAR2(300 BYTE), 
	"AFM" VARCHAR2(50 BYTE), 
	"PHONE" VARCHAR2(50 BYTE), 
	"FAX" VARCHAR2(50 BYTE), 
	"EMAIL" VARCHAR2(50 BYTE), 
	"AME" VARCHAR2(50 BYTE)
   ) SEGMENT CREATION IMMEDIATE 
  PCTFREE 10 PCTUSED 40 INITRANS 1 MAXTRANS 255 
 NOCOMPRESS LOGGING
  STORAGE(INITIAL 65536 NEXT 1048576 MINEXTENTS 1 MAXEXTENTS 2147483645
  PCTINCREASE 0 FREELISTS 1 FREELIST GROUPS 1
  BUFFER_POOL DEFAULT FLASH_CACHE DEFAULT CELL_FLASH_CACHE DEFAULT)
  TABLESPACE "SEPE" ;
--------------------------------------------------------
--  DDL for Table SP_PTL_COMPANY_USER
--------------------------------------------------------

  CREATE TABLE "SEPE_DEMO"."SP_PTL_COMPANY_USER" 
   (	"ID" NUMBER(19,0), 
	"COMP_ID" NUMBER(19,0), 
	"USER_ID" NUMBER(19,0)
   ) SEGMENT CREATION IMMEDIATE 
  PCTFREE 10 PCTUSED 40 INITRANS 1 MAXTRANS 255 
 NOCOMPRESS LOGGING
  STORAGE(INITIAL 65536 NEXT 1048576 MINEXTENTS 1 MAXEXTENTS 2147483645
  PCTINCREASE 0 FREELISTS 1 FREELIST GROUPS 1
  BUFFER_POOL DEFAULT FLASH_CACHE DEFAULT CELL_FLASH_CACHE DEFAULT)
  TABLESPACE "SEPE" ;
--------------------------------------------------------
--  DDL for Table SP_PTL_COMPANY_USER_PRIVILAGES
--------------------------------------------------------

  CREATE TABLE "SEPE_DEMO"."SP_PTL_COMPANY_USER_PRIVILAGES" 
   (	"ID" NUMBER(19,0), 
	"COMP_ID" NUMBER(19,0), 
	"BRANCH_ID" NUMBER(19,0), 
	"USER_ID" NUMBER(19,0), 
	"PRIV_MASK_1" NUMBER(19,0), 
	"PRIV_MASK_2" NUMBER(19,0), 
	"PRIV_MASK_3" NUMBER(19,0), 
	"PRIV_MASK_4" NUMBER(19,0)
   ) SEGMENT CREATION IMMEDIATE 
  PCTFREE 10 PCTUSED 40 INITRANS 1 MAXTRANS 255 
 NOCOMPRESS LOGGING
  STORAGE(INITIAL 65536 NEXT 1048576 MINEXTENTS 1 MAXEXTENTS 2147483645
  PCTINCREASE 0 FREELISTS 1 FREELIST GROUPS 1
  BUFFER_POOL DEFAULT FLASH_CACHE DEFAULT CELL_FLASH_CACHE DEFAULT)
  TABLESPACE "SEPE" ;
--------------------------------------------------------
--  DDL for Table SP_PTL_CREATENOTIFICATION_ROLE
--------------------------------------------------------

  CREATE TABLE "SEPE_DEMO"."SP_PTL_CREATENOTIFICATION_ROLE" 
   (	"ID" NUMBER, 
	"ROLE_ID" NUMBER, 
	"USER_ID" NUMBER, 
	"DOC_ID" NUMBER, 
	"BRANCH_ID" NUMBER, 
	"TITLE" VARCHAR2(256 BYTE), 
	"MESSAGE" VARCHAR2(2048 BYTE), 
	"SENDER" VARCHAR2(128 BYTE), 
	"PRIORITY" NUMBER DEFAULT 0
   ) SEGMENT CREATION IMMEDIATE 
  PCTFREE 10 PCTUSED 40 INITRANS 1 MAXTRANS 255 
 NOCOMPRESS LOGGING
  STORAGE(INITIAL 65536 NEXT 1048576 MINEXTENTS 1 MAXEXTENTS 2147483645
  PCTINCREASE 0 FREELISTS 1 FREELIST GROUPS 1
  BUFFER_POOL DEFAULT FLASH_CACHE DEFAULT CELL_FLASH_CACHE DEFAULT)
  TABLESPACE "SEPE" ;
--------------------------------------------------------
--  DDL for Table SP_PTL_DOCUMENT_INDEX
--------------------------------------------------------

  CREATE TABLE "SEPE_DEMO"."SP_PTL_DOCUMENT_INDEX" 
   (	"USERID" NUMBER, 
	"DOCUMENTID" NUMBER, 
	"DATAFILE" BLOB
   ) SEGMENT CREATION IMMEDIATE 
  PCTFREE 10 PCTUSED 40 INITRANS 1 MAXTRANS 255 
 NOCOMPRESS LOGGING
  STORAGE(INITIAL 65536 NEXT 1048576 MINEXTENTS 1 MAXEXTENTS 2147483645
  PCTINCREASE 0 FREELISTS 1 FREELIST GROUPS 1
  BUFFER_POOL DEFAULT FLASH_CACHE DEFAULT CELL_FLASH_CACHE DEFAULT)
  TABLESPACE "SEPE" 
 LOB ("DATAFILE") STORE AS SECUREFILE (
  TABLESPACE "SEPE" ENABLE STORAGE IN ROW CHUNK 8192
  NOCACHE LOGGING  NOCOMPRESS  KEEP_DUPLICATES 
  STORAGE(INITIAL 106496 NEXT 1048576 MINEXTENTS 1 MAXEXTENTS 2147483645
  PCTINCREASE 0
  BUFFER_POOL DEFAULT FLASH_CACHE DEFAULT CELL_FLASH_CACHE DEFAULT)) ;
--------------------------------------------------------
--  DDL for Table SP_PTL_EMPLOYEE
--------------------------------------------------------

  CREATE TABLE "SEPE_DEMO"."SP_PTL_EMPLOYEE" 
   (	"ID" NUMBER(19,0), 
	"USER_ID" NUMBER(19,0), 
	"CARD_NUMBER" VARCHAR2(50 BYTE), 
	"AFM" VARCHAR2(50 BYTE), 
	"AMKA" VARCHAR2(50 BYTE), 
	"FATHER_NAME" VARCHAR2(100 BYTE), 
	"COMPANY_NAME" VARCHAR2(100 BYTE), 
	"JOB_TITLE" VARCHAR2(100 BYTE), 
	"CARD_TYPE" NUMBER(19,0), 
	"CITIZENSHIP_CODE" NUMBER(19,0), 
	"SEX" VARCHAR2(1 BYTE), 
	"BIRTH_DATE" DATE
   ) SEGMENT CREATION IMMEDIATE 
  PCTFREE 10 PCTUSED 40 INITRANS 1 MAXTRANS 255 
 NOCOMPRESS LOGGING
  STORAGE(INITIAL 65536 NEXT 1048576 MINEXTENTS 1 MAXEXTENTS 2147483645
  PCTINCREASE 0 FREELISTS 1 FREELIST GROUPS 1
  BUFFER_POOL DEFAULT FLASH_CACHE DEFAULT CELL_FLASH_CACHE DEFAULT)
  TABLESPACE "SEPE" ;

   COMMENT ON COLUMN "SEPE_DEMO"."SP_PTL_EMPLOYEE"."CARD_TYPE" IS 'SP_SP';
   COMMENT ON COLUMN "SEPE_DEMO"."SP_PTL_EMPLOYEE"."CITIZENSHIP_CODE" IS 'SP_SP';
   COMMENT ON COLUMN "SEPE_DEMO"."SP_PTL_EMPLOYEE"."SEX" IS 'sp_sp';
--------------------------------------------------------
--  DDL for Table SP_PTL_EMPLOYEE_COMPLAINT
--------------------------------------------------------

  CREATE TABLE "SEPE_DEMO"."SP_PTL_EMPLOYEE_COMPLAINT" 
   (	"ID" NUMBER(19,0), 
	"COMP_ADDR" VARCHAR2(50 CHAR), 
	"COMP_ADDR_D" VARCHAR2(100 CHAR), 
	"COMP_ADDR_K" VARCHAR2(100 CHAR), 
	"COMP_ADDR_P" VARCHAR2(100 CHAR), 
	"COMP_ADDR_PE" VARCHAR2(100 CHAR), 
	"COMP_ADDR_TK" VARCHAR2(50 BYTE), 
	"COMP_AFM" VARCHAR2(50 CHAR), 
	"COMP_EMP_NUM" VARCHAR2(50 BYTE), 
	"COMP_HAS_LABOUR_UNION" NUMBER(3,0), 
	"COMP_NAME" VARCHAR2(300 CHAR), 
	"COMP_PHONE" VARCHAR2(50 CHAR), 
	"COMP_SCOPE" VARCHAR2(300 CHAR), 
	"COMPL_MATTER" VARCHAR2(500 CHAR), 
	"COMPL_DESCR" VARCHAR2(500 CHAR), 
	"COMPL_INSP_TIME" VARCHAR2(500 CHAR), 
	"COMPL_INVLOVES_SAFETY_INSP" NUMBER(3,0), 
	"COMPL_INVOLVES_LAB_RELATIONS" NUMBER(3,0), 
	"COMPL_IS_ANONYMOUS" NUMBER(3,0), 
	"COMPL_NO" VARCHAR2(50 BYTE), 
	"EMP_PHONE" VARCHAR2(20 CHAR), 
	"SEPE_DEPT" NUMBER(19,0), 
	"INSP_ADDR" VARCHAR2(50 CHAR), 
	"INSP_ADDR_D" VARCHAR2(100 CHAR), 
	"INSP_ADDR_K" VARCHAR2(100 CHAR), 
	"INSP_ADDR_P" VARCHAR2(100 CHAR), 
	"INSP_ADDR_PE" VARCHAR2(100 CHAR), 
	"INSP_ADDR_TK" VARCHAR2(50 CHAR), 
	"PROT_DATE" DATE, 
	"PROT_NO" VARCHAR2(50 BYTE), 
	"REQ_STATUS" NUMBER(3,0), 
	"SUB_STATUS" NUMBER(3,0), 
	"USER_ID" NUMBER(19,0), 
	"EMP_FIRSTNAME" VARCHAR2(50 BYTE), 
	"EMP_LASTNAME" VARCHAR2(50 BYTE), 
	"PROT_YEAR" NUMBER(19,0), 
	"SUBMIT_TIME" VARCHAR2(50 BYTE), 
	"DOC_ID" NUMBER(19,0), 
	"CASE_ID" NUMBER(15,0), 
	"RTSTAK_LEVEL_1" VARCHAR2(20 BYTE), 
	"RTSTAK_LEVEL_2" VARCHAR2(20 BYTE), 
	"RTSTAK_LEVEL_3" VARCHAR2(20 BYTE), 
	"RTSTAK_LEVEL_4" VARCHAR2(20 BYTE), 
	"RTSTAK_LEVEL_5" VARCHAR2(20 BYTE), 
	"DOC_ID_ATTACHED" NUMBER(19,0), 
	"BRANCH0_ID" NUMBER(22,0), 
	"BRANCH1_ID" NUMBER(22,0)
   ) SEGMENT CREATION IMMEDIATE 
  PCTFREE 10 PCTUSED 40 INITRANS 1 MAXTRANS 255 
 NOCOMPRESS LOGGING
  STORAGE(INITIAL 65536 NEXT 1048576 MINEXTENTS 1 MAXEXTENTS 2147483645
  PCTINCREASE 0 FREELISTS 1 FREELIST GROUPS 1
  BUFFER_POOL DEFAULT FLASH_CACHE DEFAULT CELL_FLASH_CACHE DEFAULT)
  TABLESPACE "SEPE" ;
--------------------------------------------------------
--  DDL for Table SP_PTL_EMPLOYEE_DISPUTE
--------------------------------------------------------

  CREATE TABLE "SEPE_DEMO"."SP_PTL_EMPLOYEE_DISPUTE" 
   (	"ID" NUMBER(19,0), 
	"USER_ID" NUMBER(19,0), 
	"SUB_STATUS" NUMBER(3,0), 
	"REQ_STATUS" NUMBER(3,0), 
	"PROT_NO" VARCHAR2(50 BYTE), 
	"EMP_FIRSTNAME" VARCHAR2(100 BYTE), 
	"EMP_LASTNAME" VARCHAR2(100 BYTE), 
	"EMP_SPECIALITY_ID" NUMBER(19,0), 
	"PROT_YEAR" NUMBER(19,0), 
	"EMP_MARITAL_STATUS" NUMBER(3,0), 
	"EMP_CHILDREN_NUM" NUMBER(3,0), 
	"EMP_NET_SALARY" VARCHAR2(50 BYTE), 
	"EMP_FROM_DATE" DATE, 
	"EMP_UNTIL_DATE" DATE, 
	"EMP_WORKING_HOURS" VARCHAR2(20 BYTE), 
	"EMP_ADDR" VARCHAR2(100 BYTE), 
	"EMP_ADDR_TK" VARCHAR2(20 BYTE), 
	"EMP_ADDR_P" VARCHAR2(100 BYTE), 
	"EMP_ADDR_PE" VARCHAR2(100 BYTE), 
	"EMP_ADDR_D" VARCHAR2(100 BYTE), 
	"EMP_ADDR_K" VARCHAR2(100 BYTE), 
	"EMP_AFM" VARCHAR2(50 BYTE), 
	"EMP_AMKA" VARCHAR2(50 BYTE), 
	"EMP_CARD_NUMBER" VARCHAR2(50 BYTE), 
	"EMP_PHONE" VARCHAR2(50 BYTE), 
	"EMP_MOBILE" VARCHAR2(50 BYTE), 
	"COMP_NAME" VARCHAR2(300 BYTE), 
	"COMP_SCOPE" VARCHAR2(300 BYTE), 
	"COMP_REPRESENTATIVE" VARCHAR2(100 BYTE), 
	"COMP_ADDR" VARCHAR2(100 BYTE), 
	"COMP_ADDR_TK" VARCHAR2(50 BYTE), 
	"COMP_ADDR_P" VARCHAR2(100 BYTE), 
	"COMP_ADDR_PE" VARCHAR2(100 BYTE), 
	"COMP_ADDR_D" VARCHAR2(100 BYTE), 
	"COMP_ADDR_K" VARCHAR2(100 BYTE), 
	"COMP_BR_ADDR" VARCHAR2(100 BYTE), 
	"COMP_BR_ADDR_TK" VARCHAR2(20 BYTE), 
	"COMP_BR_ADDR_P" VARCHAR2(100 BYTE), 
	"COMP_BR_ADDR_PE" VARCHAR2(100 BYTE), 
	"COMP_BR_ADDR_D" VARCHAR2(100 BYTE), 
	"COMP_BR_ADDR_K" VARCHAR2(100 BYTE), 
	"COMP_AFM" VARCHAR2(100 BYTE), 
	"COMP_DOY" VARCHAR2(100 BYTE), 
	"COMP_AME_IKA" VARCHAR2(100 BYTE), 
	"COMP_PHONE" VARCHAR2(50 BYTE), 
	"NOTES" VARCHAR2(1000 BYTE), 
	"GROUP_DISCUSSION" NUMBER(3,0), 
	"PROT_DATE" DATE, 
	"APPLICANT_TYPE" NUMBER(19,0), 
	"APPLICATION_TYPE" NUMBER(19,0), 
	"EMP_SEX" VARCHAR2(1 BYTE), 
	"EMP_AGE" NUMBER(3,0), 
	"EMP_CITIZENSHIP" NUMBER(19,0), 
	"EMP_CARD_TYPE" NUMBER(19,0), 
	"DOC_ID" NUMBER(19,0), 
	"SUBMIT_TIME" VARCHAR2(50 BYTE), 
	"DEPARTMENT" NUMBER(19,0), 
	"CASE_ID" NUMBER(15,0), 
	"RTSTAK_LEVEL_1" VARCHAR2(20 BYTE), 
	"RTSTAK_LEVEL_2" VARCHAR2(20 BYTE), 
	"RTSTAK_LEVEL_3" VARCHAR2(20 BYTE), 
	"RTSTAK_LEVEL_4" VARCHAR2(20 BYTE), 
	"RTSTAK_LEVEL_5" VARCHAR2(20 BYTE), 
	"BRANCH0_ID" NUMBER(22,0), 
	"BRANCH1_ID" NUMBER(22,0), 
	"DOC_ID_ATTACHED" NUMBER(19,0)
   ) SEGMENT CREATION IMMEDIATE 
  PCTFREE 10 PCTUSED 40 INITRANS 1 MAXTRANS 255 
 NOCOMPRESS LOGGING
  STORAGE(INITIAL 65536 NEXT 1048576 MINEXTENTS 1 MAXEXTENTS 2147483645
  PCTINCREASE 0 FREELISTS 1 FREELIST GROUPS 1
  BUFFER_POOL DEFAULT FLASH_CACHE DEFAULT CELL_FLASH_CACHE DEFAULT)
  TABLESPACE "SEPE" ;
--------------------------------------------------------
--  DDL for Table SP_PTL_EMPLOYEE_DISPUTE_REASON
--------------------------------------------------------

  CREATE TABLE "SEPE_DEMO"."SP_PTL_EMPLOYEE_DISPUTE_REASON" 
   (	"ID" NUMBER(19,0), 
	"T_EMPLOYEE_DISPUTE" NUMBER(19,0), 
	"DATE_START" DATE, 
	"DATE_END" DATE, 
	"COMMENTS" VARCHAR2(1000 BYTE), 
	"REASON_ID" NUMBER(19,0)
   ) SEGMENT CREATION IMMEDIATE 
  PCTFREE 10 PCTUSED 40 INITRANS 1 MAXTRANS 255 
 NOCOMPRESS LOGGING
  STORAGE(INITIAL 65536 NEXT 1048576 MINEXTENTS 1 MAXEXTENTS 2147483645
  PCTINCREASE 0 FREELISTS 1 FREELIST GROUPS 1
  BUFFER_POOL DEFAULT FLASH_CACHE DEFAULT CELL_FLASH_CACHE DEFAULT)
  TABLESPACE "SEPE" ;
--------------------------------------------------------
--  DDL for Table SP_PTL_EMPLOYEE_EXPERIENCE
--------------------------------------------------------

  CREATE TABLE "SEPE_DEMO"."SP_PTL_EMPLOYEE_EXPERIENCE" 
   (	"ID" NUMBER(19,0), 
	"USER_ID" NUMBER(19,0), 
	"SUB_STATUS" NUMBER(3,0), 
	"REQ_STATUS" NUMBER(3,0), 
	"PROT_NO" VARCHAR2(50 BYTE), 
	"EMP_FIRSTNAME" VARCHAR2(100 BYTE), 
	"EMP_LASTNAME" VARCHAR2(100 BYTE), 
	"EMP_SPECIALITY_ID" NUMBER(19,0), 
	"PROT_YEAR" NUMBER(19,0), 
	"EMP_FROM_DATE" DATE, 
	"EMP_UNTIL_DATE" DATE, 
	"EMP_ADDR" VARCHAR2(100 BYTE), 
	"EMP_ADDR_TK" VARCHAR2(20 BYTE), 
	"EMP_ADDR_P" VARCHAR2(100 BYTE), 
	"EMP_ADDR_PE" VARCHAR2(100 BYTE), 
	"EMP_ADDR_D" VARCHAR2(100 BYTE), 
	"EMP_ADDR_K" VARCHAR2(100 BYTE), 
	"EMP_AFM" VARCHAR2(50 BYTE), 
	"EMP_AMKA" VARCHAR2(50 BYTE), 
	"EMP_CARD_NUMBER" VARCHAR2(50 BYTE), 
	"EMP_PHONE" VARCHAR2(50 BYTE), 
	"EMP_MOBILE" VARCHAR2(50 BYTE), 
	"COMP_NAME" VARCHAR2(100 BYTE), 
	"COMP_AFM" VARCHAR2(100 BYTE), 
	"COMP_AME_IKA" VARCHAR2(100 BYTE), 
	"COMP_PHONE" VARCHAR2(50 BYTE), 
	"NOTES" VARCHAR2(1000 BYTE), 
	"PROT_DATE" DATE, 
	"EMP_CARD_TYPE" NUMBER(19,0), 
	"DOC_ID" NUMBER(19,0), 
	"SUBMIT_TIME" VARCHAR2(50 BYTE), 
	"DEPARTMENT" NUMBER(19,0), 
	"RTSTAK_LEVEL_1" VARCHAR2(20 BYTE), 
	"RTSTAK_LEVEL_2" VARCHAR2(20 BYTE), 
	"RTSTAK_LEVEL_3" VARCHAR2(20 BYTE), 
	"RTSTAK_LEVEL_4" VARCHAR2(20 BYTE), 
	"RTSTAK_LEVEL_5" VARCHAR2(20 BYTE), 
	"INTENTED_USE" NUMBER(2,0), 
	"ATTACHED_DOC_ID_EMPL_VER" NUMBER(19,0), 
	"ATTACHED_DOC_ID_IKA" NUMBER(19,0), 
	"ATTACHED_DOC_ID_SEPE" NUMBER(19,0), 
	"ATTACHED_DOC_ID_JUDGMNT" NUMBER(19,0)
   ) SEGMENT CREATION IMMEDIATE 
  PCTFREE 10 PCTUSED 40 INITRANS 1 MAXTRANS 255 
 NOCOMPRESS LOGGING
  STORAGE(INITIAL 65536 NEXT 1048576 MINEXTENTS 1 MAXEXTENTS 2147483645
  PCTINCREASE 0 FREELISTS 1 FREELIST GROUPS 1
  BUFFER_POOL DEFAULT FLASH_CACHE DEFAULT CELL_FLASH_CACHE DEFAULT)
  TABLESPACE "SEPE" ;
--------------------------------------------------------
--  DDL for Table SP_PTL_NOTIFICATIONS_ACCOUNT
--------------------------------------------------------

  CREATE TABLE "SEPE_DEMO"."SP_PTL_NOTIFICATIONS_ACCOUNT" 
   (	"ID" NUMBER, 
	"DOC_ID" NUMBER, 
	"TITLE" VARCHAR2(256 BYTE), 
	"MESSAGE" VARCHAR2(2048 BYTE), 
	"SENDER" VARCHAR2(128 BYTE), 
	"PRIORITY" NUMBER, 
	"VIEWED" NUMBER DEFAULT 0, 
	"ACCOUNT_ID" NUMBER, 
	"DATE_TIME" TIMESTAMP (6) DEFAULT sysdate
   ) SEGMENT CREATION IMMEDIATE 
  PCTFREE 10 PCTUSED 40 INITRANS 1 MAXTRANS 255 
 NOCOMPRESS LOGGING
  STORAGE(INITIAL 65536 NEXT 1048576 MINEXTENTS 1 MAXEXTENTS 2147483645
  PCTINCREASE 0 FREELISTS 1 FREELIST GROUPS 1
  BUFFER_POOL DEFAULT FLASH_CACHE DEFAULT CELL_FLASH_CACHE DEFAULT)
  TABLESPACE "SEPE" ;
--------------------------------------------------------
--  DDL for Table SP_PTL_SAFETY_TECHNICIAN
--------------------------------------------------------

  CREATE TABLE "SEPE_DEMO"."SP_PTL_SAFETY_TECHNICIAN" 
   (	"ID" NUMBER(19,0), 
	"USER_ID" NUMBER(19,0)
   ) SEGMENT CREATION IMMEDIATE 
  PCTFREE 10 PCTUSED 40 INITRANS 1 MAXTRANS 255 
 NOCOMPRESS LOGGING
  STORAGE(INITIAL 65536 NEXT 1048576 MINEXTENTS 1 MAXEXTENTS 2147483645
  PCTINCREASE 0 FREELISTS 1 FREELIST GROUPS 1
  BUFFER_POOL DEFAULT FLASH_CACHE DEFAULT CELL_FLASH_CACHE DEFAULT)
  TABLESPACE "SEPE" ;
--------------------------------------------------------
--  DDL for Table SP_PTL_USER
--------------------------------------------------------

  CREATE TABLE "SEPE_DEMO"."SP_PTL_USER" 
   (	"ID" NUMBER(19,0), 
	"IS_ADMIN" NUMBER(3,0), 
	"ROLE" NUMBER(3,0), 
	"STATUS" NUMBER(3,0), 
	"USERNAME" VARCHAR2(50 BYTE), 
	"PASSWORD" VARCHAR2(124 BYTE), 
	"EMAIL" VARCHAR2(50 BYTE), 
	"EMAIL_NOTIF_EN" NUMBER(3,0), 
	"FIRSTNAME" VARCHAR2(50 BYTE), 
	"LASTNAME" VARCHAR2(50 BYTE), 
	"PHONE" VARCHAR2(50 BYTE), 
	"MOBILE" VARCHAR2(50 BYTE), 
	"ADDR" VARCHAR2(50 BYTE), 
	"ADDR_TK" VARCHAR2(20 BYTE), 
	"FAX" VARCHAR2(50 BYTE)
   ) SEGMENT CREATION IMMEDIATE 
  PCTFREE 10 PCTUSED 40 INITRANS 1 MAXTRANS 255 
 NOCOMPRESS LOGGING
  STORAGE(INITIAL 65536 NEXT 1048576 MINEXTENTS 1 MAXEXTENTS 2147483645
  PCTINCREASE 0 FREELISTS 1 FREELIST GROUPS 1
  BUFFER_POOL DEFAULT FLASH_CACHE DEFAULT CELL_FLASH_CACHE DEFAULT)
  TABLESPACE "SEPE" ;
--------------------------------------------------------
--  DDL for Table SP_PTL_WORKPLACE_DOCTOR
--------------------------------------------------------

  CREATE TABLE "SEPE_DEMO"."SP_PTL_WORKPLACE_DOCTOR" 
   (	"ID" NUMBER(19,0), 
	"USER_ID" NUMBER(19,0)
   ) SEGMENT CREATION IMMEDIATE 
  PCTFREE 10 PCTUSED 40 INITRANS 1 MAXTRANS 255 
 NOCOMPRESS LOGGING
  STORAGE(INITIAL 65536 NEXT 1048576 MINEXTENTS 1 MAXEXTENTS 2147483645
  PCTINCREASE 0 FREELISTS 1 FREELIST GROUPS 1
  BUFFER_POOL DEFAULT FLASH_CACHE DEFAULT CELL_FLASH_CACHE DEFAULT)
  TABLESPACE "SEPE" ;
--------------------------------------------------------
--  DDL for Table ZFAKE_T_EMPL_DISPUTE_SUBJECT
--------------------------------------------------------

  CREATE TABLE "SEPE_DEMO"."ZFAKE_T_EMPL_DISPUTE_SUBJECT" 
   (	"SP_RLS_DETAIL_CODE" NUMBER(3,0), 
	"SP_RLS_DETAIL_DESC" VARCHAR2(100 BYTE)
   ) SEGMENT CREATION IMMEDIATE 
  PCTFREE 10 PCTUSED 40 INITRANS 1 MAXTRANS 255 
 NOCOMPRESS LOGGING
  STORAGE(INITIAL 65536 NEXT 1048576 MINEXTENTS 1 MAXEXTENTS 2147483645
  PCTINCREASE 0 FREELISTS 1 FREELIST GROUPS 1
  BUFFER_POOL DEFAULT FLASH_CACHE DEFAULT CELL_FLASH_CACHE DEFAULT)
  TABLESPACE "SEPE" ;
--------------------------------------------------------
--  DDL for Table ZFAKE___T_DOY
--------------------------------------------------------

  CREATE TABLE "SEPE_DEMO"."ZFAKE___T_DOY" 
   (	"ID" NUMBER(19,0), 
	"DESCR" VARCHAR2(100 BYTE)
   ) SEGMENT CREATION IMMEDIATE 
  PCTFREE 10 PCTUSED 40 INITRANS 1 MAXTRANS 255 
 NOCOMPRESS LOGGING
  STORAGE(INITIAL 65536 NEXT 1048576 MINEXTENTS 1 MAXEXTENTS 2147483645
  PCTINCREASE 0 FREELISTS 1 FREELIST GROUPS 1
  BUFFER_POOL DEFAULT FLASH_CACHE DEFAULT CELL_FLASH_CACHE DEFAULT)
  TABLESPACE "SEPE" ;
--------------------------------------------------------
--  DDL for Table ZFAKE___T_EMPLOYER_BRANCH_IKA
--------------------------------------------------------

  CREATE TABLE "SEPE_DEMO"."ZFAKE___T_EMPLOYER_BRANCH_IKA" 
   (	"RG_EBR_EMPLOYER_ID" VARCHAR2(20 BYTE), 
	"RG_EBR_BRANCH_ID" NUMBER(19,0), 
	"RG_EBR_ADDRESS_STREET" VARCHAR2(200 BYTE), 
	"RG_EBR_ZIP_CODE" VARCHAR2(50 BYTE), 
	"RG_EBR_KALLIKRATIS" VARCHAR2(20 BYTE), 
	"RG_EBR_PHONE_NUMBER" VARCHAR2(20 BYTE), 
	"RG_EBR_SEC_STAKOD_1" VARCHAR2(20 BYTE), 
	"RG_EBR_SEC_STAKOD_2" VARCHAR2(20 BYTE), 
	"RG_EBR_SEC_STAKOD_3" VARCHAR2(20 BYTE), 
	"RG_EBR_SEC_STAKOD_4" VARCHAR2(20 BYTE), 
	"RG_EBR_SEC_STAKOD_5" VARCHAR2(20 BYTE), 
	"RG_EMP_NAME" VARCHAR2(50 BYTE), 
	"RG_EMP_FULLNAME" VARCHAR2(300 BYTE), 
	"ID" VARCHAR2(50 BYTE)
   ) SEGMENT CREATION IMMEDIATE 
  PCTFREE 10 PCTUSED 40 INITRANS 1 MAXTRANS 255 
 NOCOMPRESS LOGGING
  STORAGE(INITIAL 65536 NEXT 1048576 MINEXTENTS 1 MAXEXTENTS 2147483645
  PCTINCREASE 0 FREELISTS 1 FREELIST GROUPS 1
  BUFFER_POOL DEFAULT FLASH_CACHE DEFAULT CELL_FLASH_CACHE DEFAULT)
  TABLESPACE "SEPE" ;
--------------------------------------------------------
--  DDL for Table ZFAKE___T_EMPL_COMPL_MATTER
--------------------------------------------------------

  CREATE TABLE "SEPE_DEMO"."ZFAKE___T_EMPL_COMPL_MATTER" 
   (	"ID" NUMBER(19,0), 
	"DESCR" VARCHAR2(100 BYTE)
   ) SEGMENT CREATION IMMEDIATE 
  PCTFREE 10 PCTUSED 40 INITRANS 1 MAXTRANS 255 
 NOCOMPRESS LOGGING
  STORAGE(INITIAL 65536 NEXT 1048576 MINEXTENTS 1 MAXEXTENTS 2147483645
  PCTINCREASE 0 FREELISTS 1 FREELIST GROUPS 1
  BUFFER_POOL DEFAULT FLASH_CACHE DEFAULT CELL_FLASH_CACHE DEFAULT)
  TABLESPACE "SEPE" ;
--------------------------------------------------------
--  DDL for Table ZFAKE___T_KAL_D
--------------------------------------------------------

  CREATE TABLE "SEPE_DEMO"."ZFAKE___T_KAL_D" 
   (	"DIMOS_CODE" CHAR(5 BYTE), 
	"DIMOS_DESCR" VARCHAR2(100 BYTE), 
	"ENOT_CODE" CHAR(5 BYTE)
   ) SEGMENT CREATION IMMEDIATE 
  PCTFREE 10 PCTUSED 40 INITRANS 1 MAXTRANS 255 
 NOCOMPRESS LOGGING
  STORAGE(INITIAL 65536 NEXT 1048576 MINEXTENTS 1 MAXEXTENTS 2147483645
  PCTINCREASE 0 FREELISTS 1 FREELIST GROUPS 1
  BUFFER_POOL DEFAULT FLASH_CACHE DEFAULT CELL_FLASH_CACHE DEFAULT)
  TABLESPACE "SEPE" ;
--------------------------------------------------------
--  DDL for Table ZFAKE___T_KAL_K
--------------------------------------------------------

  CREATE TABLE "SEPE_DEMO"."ZFAKE___T_KAL_K" 
   (	"KOIN_CODE" CHAR(8 BYTE), 
	"KOIN_DESCR" VARCHAR2(200 BYTE), 
	"D_CODE" VARCHAR2(20 BYTE), 
	"D_DESCR" VARCHAR2(200 BYTE), 
	"P_CODE" VARCHAR2(20 BYTE), 
	"P_DESCR" VARCHAR2(200 BYTE), 
	"PE_CODE" VARCHAR2(20 BYTE), 
	"PE_DESCR" VARCHAR2(200 BYTE)
   ) SEGMENT CREATION IMMEDIATE 
  PCTFREE 10 PCTUSED 40 INITRANS 1 MAXTRANS 255 
 NOCOMPRESS LOGGING
  STORAGE(INITIAL 65536 NEXT 1048576 MINEXTENTS 1 MAXEXTENTS 2147483645
  PCTINCREASE 0 FREELISTS 1 FREELIST GROUPS 1
  BUFFER_POOL DEFAULT FLASH_CACHE DEFAULT CELL_FLASH_CACHE DEFAULT)
  TABLESPACE "SEPE" ;
--------------------------------------------------------
--  DDL for Table ZFAKE___T_KAL_P
--------------------------------------------------------

  CREATE TABLE "SEPE_DEMO"."ZFAKE___T_KAL_P" 
   (	"CODE" CHAR(3 BYTE), 
	"DESCR" VARCHAR2(100 BYTE)
   ) SEGMENT CREATION IMMEDIATE 
  PCTFREE 10 PCTUSED 40 INITRANS 1 MAXTRANS 255 
 NOCOMPRESS LOGGING
  STORAGE(INITIAL 65536 NEXT 1048576 MINEXTENTS 1 MAXEXTENTS 2147483645
  PCTINCREASE 0 FREELISTS 1 FREELIST GROUPS 1
  BUFFER_POOL DEFAULT FLASH_CACHE DEFAULT CELL_FLASH_CACHE DEFAULT)
  TABLESPACE "SEPE" ;
--------------------------------------------------------
--  DDL for Table ZFAKE___T_KAL_PE
--------------------------------------------------------

  CREATE TABLE "SEPE_DEMO"."ZFAKE___T_KAL_PE" 
   (	"ENOT_CODE" CHAR(5 BYTE), 
	"DESCR" VARCHAR2(100 BYTE), 
	"PERIF_CODE" CHAR(3 BYTE)
   ) SEGMENT CREATION IMMEDIATE 
  PCTFREE 10 PCTUSED 40 INITRANS 1 MAXTRANS 255 
 NOCOMPRESS LOGGING
  STORAGE(INITIAL 65536 NEXT 1048576 MINEXTENTS 1 MAXEXTENTS 2147483645
  PCTINCREASE 0 FREELISTS 1 FREELIST GROUPS 1
  BUFFER_POOL DEFAULT FLASH_CACHE DEFAULT CELL_FLASH_CACHE DEFAULT)
  TABLESPACE "SEPE" ;
REM INSERTING into SEPE_DEMO.LOGGING
SET DEFINE OFF;
Insert into SEPE_DEMO.LOGGING (TIME,TYPE,MESSAGE) values (to_timestamp('15-FEB-15 05.20.55.461000000 PM','DD-MON-RR HH.MI.SS.FF AM'),'debug','To ¿¿¿¿af¿ e¿s¿¿¿¿¿e st¿ ¿¿p¿¿¿ µe ep¿t¿¿¿a');
Insert into SEPE_DEMO.LOGGING (TIME,TYPE,MESSAGE) values (to_timestamp('15-FEB-15 05.25.50.945000000 PM','DD-MON-RR HH.MI.SS.FF AM'),'debug','To ¿¿¿¿af¿ e¿s¿¿¿¿¿e st¿ ¿¿p¿¿¿ µe ep¿t¿¿¿a');
Insert into SEPE_DEMO.LOGGING (TIME,TYPE,MESSAGE) values (to_timestamp('19-FEB-15 08.33.24.454000000 PM','DD-MON-RR HH.MI.SS.FF AM'),'debug','To ¿¿¿¿af¿ e¿s¿¿¿¿¿e st¿ ¿¿p¿¿¿ µe ep¿t¿¿¿a');
Insert into SEPE_DEMO.LOGGING (TIME,TYPE,MESSAGE) values (to_timestamp('15-FEB-15 05.24.47.570000000 PM','DD-MON-RR HH.MI.SS.FF AM'),'debug','To ¿¿¿¿af¿ e¿s¿¿¿¿¿e st¿ ¿¿p¿¿¿ µe ep¿t¿¿¿a');
Insert into SEPE_DEMO.LOGGING (TIME,TYPE,MESSAGE) values (to_timestamp('15-FEB-15 05.19.50.148000000 PM','DD-MON-RR HH.MI.SS.FF AM'),'debug','test');
REM INSERTING into SEPE_DEMO.SP_PTL_ASSOCIATION
SET DEFINE OFF;
REM INSERTING into SEPE_DEMO.SP_PTL_BRANCH
SET DEFINE OFF;
REM INSERTING into SEPE_DEMO.SP_PTL_CITIZEN
SET DEFINE OFF;
REM INSERTING into SEPE_DEMO.SP_PTL_COMPANY
SET DEFINE OFF;
Insert into SEPE_DEMO.SP_PTL_COMPANY (ID,NAME,TITLE,AFM,PHONE,FAX,EMAIL,AME) values (1,'Samsung_name','Samsung_title',null,'26230-123456','26230-123456','samsung@email.com',null);
Insert into SEPE_DEMO.SP_PTL_COMPANY (ID,NAME,TITLE,AFM,PHONE,FAX,EMAIL,AME) values (2,'Lenovo_name','Lenovo_title',null,'26230-123456','26230-123456','lenovo@email.com',null);
REM INSERTING into SEPE_DEMO.SP_PTL_COMPANY_USER
SET DEFINE OFF;
REM INSERTING into SEPE_DEMO.SP_PTL_COMPANY_USER_PRIVILAGES
SET DEFINE OFF;
REM INSERTING into SEPE_DEMO.SP_PTL_CREATENOTIFICATION_ROLE
SET DEFINE OFF;
REM INSERTING into SEPE_DEMO.SP_PTL_DOCUMENT_INDEX
SET DEFINE OFF;
Insert into SEPE_DEMO.SP_PTL_DOCUMENT_INDEX (USERID,DOCUMENTID) values (4,1);
Insert into SEPE_DEMO.SP_PTL_DOCUMENT_INDEX (USERID,DOCUMENTID) values (4,2);
Insert into SEPE_DEMO.SP_PTL_DOCUMENT_INDEX (USERID,DOCUMENTID) values (4,3);
Insert into SEPE_DEMO.SP_PTL_DOCUMENT_INDEX (USERID,DOCUMENTID) values (4,4);
Insert into SEPE_DEMO.SP_PTL_DOCUMENT_INDEX (USERID,DOCUMENTID) values (4,5);
Insert into SEPE_DEMO.SP_PTL_DOCUMENT_INDEX (USERID,DOCUMENTID) values (4,6);
Insert into SEPE_DEMO.SP_PTL_DOCUMENT_INDEX (USERID,DOCUMENTID) values (4,7);
Insert into SEPE_DEMO.SP_PTL_DOCUMENT_INDEX (USERID,DOCUMENTID) values (4,8);
Insert into SEPE_DEMO.SP_PTL_DOCUMENT_INDEX (USERID,DOCUMENTID) values (4,9);
Insert into SEPE_DEMO.SP_PTL_DOCUMENT_INDEX (USERID,DOCUMENTID) values (4,10);
Insert into SEPE_DEMO.SP_PTL_DOCUMENT_INDEX (USERID,DOCUMENTID) values (4,11);
Insert into SEPE_DEMO.SP_PTL_DOCUMENT_INDEX (USERID,DOCUMENTID) values (4,12);
Insert into SEPE_DEMO.SP_PTL_DOCUMENT_INDEX (USERID,DOCUMENTID) values (4,13);
Insert into SEPE_DEMO.SP_PTL_DOCUMENT_INDEX (USERID,DOCUMENTID) values (4,14);
Insert into SEPE_DEMO.SP_PTL_DOCUMENT_INDEX (USERID,DOCUMENTID) values (4,15);
Insert into SEPE_DEMO.SP_PTL_DOCUMENT_INDEX (USERID,DOCUMENTID) values (4,16);
Insert into SEPE_DEMO.SP_PTL_DOCUMENT_INDEX (USERID,DOCUMENTID) values (4,17);
Insert into SEPE_DEMO.SP_PTL_DOCUMENT_INDEX (USERID,DOCUMENTID) values (4,18);
Insert into SEPE_DEMO.SP_PTL_DOCUMENT_INDEX (USERID,DOCUMENTID) values (4,19);
Insert into SEPE_DEMO.SP_PTL_DOCUMENT_INDEX (USERID,DOCUMENTID) values (4,20);
Insert into SEPE_DEMO.SP_PTL_DOCUMENT_INDEX (USERID,DOCUMENTID) values (4,21);
Insert into SEPE_DEMO.SP_PTL_DOCUMENT_INDEX (USERID,DOCUMENTID) values (4,22);
Insert into SEPE_DEMO.SP_PTL_DOCUMENT_INDEX (USERID,DOCUMENTID) values (4,23);
Insert into SEPE_DEMO.SP_PTL_DOCUMENT_INDEX (USERID,DOCUMENTID) values (4,24);
Insert into SEPE_DEMO.SP_PTL_DOCUMENT_INDEX (USERID,DOCUMENTID) values (4,25);
Insert into SEPE_DEMO.SP_PTL_DOCUMENT_INDEX (USERID,DOCUMENTID) values (4,26);
Insert into SEPE_DEMO.SP_PTL_DOCUMENT_INDEX (USERID,DOCUMENTID) values (4,27);
Insert into SEPE_DEMO.SP_PTL_DOCUMENT_INDEX (USERID,DOCUMENTID) values (4,28);
Insert into SEPE_DEMO.SP_PTL_DOCUMENT_INDEX (USERID,DOCUMENTID) values (4,29);
Insert into SEPE_DEMO.SP_PTL_DOCUMENT_INDEX (USERID,DOCUMENTID) values (4,30);
Insert into SEPE_DEMO.SP_PTL_DOCUMENT_INDEX (USERID,DOCUMENTID) values (4,31);
Insert into SEPE_DEMO.SP_PTL_DOCUMENT_INDEX (USERID,DOCUMENTID) values (4,32);
Insert into SEPE_DEMO.SP_PTL_DOCUMENT_INDEX (USERID,DOCUMENTID) values (4,33);
Insert into SEPE_DEMO.SP_PTL_DOCUMENT_INDEX (USERID,DOCUMENTID) values (4,34);
Insert into SEPE_DEMO.SP_PTL_DOCUMENT_INDEX (USERID,DOCUMENTID) values (4,35);
Insert into SEPE_DEMO.SP_PTL_DOCUMENT_INDEX (USERID,DOCUMENTID) values (4,36);
Insert into SEPE_DEMO.SP_PTL_DOCUMENT_INDEX (USERID,DOCUMENTID) values (4,37);
Insert into SEPE_DEMO.SP_PTL_DOCUMENT_INDEX (USERID,DOCUMENTID) values (4,38);
Insert into SEPE_DEMO.SP_PTL_DOCUMENT_INDEX (USERID,DOCUMENTID) values (4,39);
Insert into SEPE_DEMO.SP_PTL_DOCUMENT_INDEX (USERID,DOCUMENTID) values (4,40);
Insert into SEPE_DEMO.SP_PTL_DOCUMENT_INDEX (USERID,DOCUMENTID) values (4,41);
Insert into SEPE_DEMO.SP_PTL_DOCUMENT_INDEX (USERID,DOCUMENTID) values (4,42);
Insert into SEPE_DEMO.SP_PTL_DOCUMENT_INDEX (USERID,DOCUMENTID) values (4,43);
Insert into SEPE_DEMO.SP_PTL_DOCUMENT_INDEX (USERID,DOCUMENTID) values (4,44);
Insert into SEPE_DEMO.SP_PTL_DOCUMENT_INDEX (USERID,DOCUMENTID) values (4,45);
Insert into SEPE_DEMO.SP_PTL_DOCUMENT_INDEX (USERID,DOCUMENTID) values (4,46);
Insert into SEPE_DEMO.SP_PTL_DOCUMENT_INDEX (USERID,DOCUMENTID) values (4,47);
Insert into SEPE_DEMO.SP_PTL_DOCUMENT_INDEX (USERID,DOCUMENTID) values (4,48);
Insert into SEPE_DEMO.SP_PTL_DOCUMENT_INDEX (USERID,DOCUMENTID) values (4,49);
Insert into SEPE_DEMO.SP_PTL_DOCUMENT_INDEX (USERID,DOCUMENTID) values (4,50);
Insert into SEPE_DEMO.SP_PTL_DOCUMENT_INDEX (USERID,DOCUMENTID) values (4,51);
Insert into SEPE_DEMO.SP_PTL_DOCUMENT_INDEX (USERID,DOCUMENTID) values (4,52);
Insert into SEPE_DEMO.SP_PTL_DOCUMENT_INDEX (USERID,DOCUMENTID) values (4,53);
Insert into SEPE_DEMO.SP_PTL_DOCUMENT_INDEX (USERID,DOCUMENTID) values (4,54);
Insert into SEPE_DEMO.SP_PTL_DOCUMENT_INDEX (USERID,DOCUMENTID) values (4,55);
Insert into SEPE_DEMO.SP_PTL_DOCUMENT_INDEX (USERID,DOCUMENTID) values (4,56);
Insert into SEPE_DEMO.SP_PTL_DOCUMENT_INDEX (USERID,DOCUMENTID) values (4,57);
Insert into SEPE_DEMO.SP_PTL_DOCUMENT_INDEX (USERID,DOCUMENTID) values (4,58);
Insert into SEPE_DEMO.SP_PTL_DOCUMENT_INDEX (USERID,DOCUMENTID) values (4,59);
Insert into SEPE_DEMO.SP_PTL_DOCUMENT_INDEX (USERID,DOCUMENTID) values (4,60);
Insert into SEPE_DEMO.SP_PTL_DOCUMENT_INDEX (USERID,DOCUMENTID) values (4,61);
Insert into SEPE_DEMO.SP_PTL_DOCUMENT_INDEX (USERID,DOCUMENTID) values (4,62);
Insert into SEPE_DEMO.SP_PTL_DOCUMENT_INDEX (USERID,DOCUMENTID) values (4,63);
Insert into SEPE_DEMO.SP_PTL_DOCUMENT_INDEX (USERID,DOCUMENTID) values (4,64);
Insert into SEPE_DEMO.SP_PTL_DOCUMENT_INDEX (USERID,DOCUMENTID) values (4,65);
Insert into SEPE_DEMO.SP_PTL_DOCUMENT_INDEX (USERID,DOCUMENTID) values (4,66);
Insert into SEPE_DEMO.SP_PTL_DOCUMENT_INDEX (USERID,DOCUMENTID) values (4,67);
Insert into SEPE_DEMO.SP_PTL_DOCUMENT_INDEX (USERID,DOCUMENTID) values (4,68);
Insert into SEPE_DEMO.SP_PTL_DOCUMENT_INDEX (USERID,DOCUMENTID) values (4,69);
Insert into SEPE_DEMO.SP_PTL_DOCUMENT_INDEX (USERID,DOCUMENTID) values (4,70);
Insert into SEPE_DEMO.SP_PTL_DOCUMENT_INDEX (USERID,DOCUMENTID) values (4,71);
Insert into SEPE_DEMO.SP_PTL_DOCUMENT_INDEX (USERID,DOCUMENTID) values (4,72);
Insert into SEPE_DEMO.SP_PTL_DOCUMENT_INDEX (USERID,DOCUMENTID) values (4,73);
Insert into SEPE_DEMO.SP_PTL_DOCUMENT_INDEX (USERID,DOCUMENTID) values (4,74);
Insert into SEPE_DEMO.SP_PTL_DOCUMENT_INDEX (USERID,DOCUMENTID) values (4,75);
Insert into SEPE_DEMO.SP_PTL_DOCUMENT_INDEX (USERID,DOCUMENTID) values (4,76);
Insert into SEPE_DEMO.SP_PTL_DOCUMENT_INDEX (USERID,DOCUMENTID) values (4,77);
Insert into SEPE_DEMO.SP_PTL_DOCUMENT_INDEX (USERID,DOCUMENTID) values (4,78);
Insert into SEPE_DEMO.SP_PTL_DOCUMENT_INDEX (USERID,DOCUMENTID) values (4,79);
Insert into SEPE_DEMO.SP_PTL_DOCUMENT_INDEX (USERID,DOCUMENTID) values (4,80);
Insert into SEPE_DEMO.SP_PTL_DOCUMENT_INDEX (USERID,DOCUMENTID) values (4,81);
Insert into SEPE_DEMO.SP_PTL_DOCUMENT_INDEX (USERID,DOCUMENTID) values (4,82);
Insert into SEPE_DEMO.SP_PTL_DOCUMENT_INDEX (USERID,DOCUMENTID) values (4,83);
Insert into SEPE_DEMO.SP_PTL_DOCUMENT_INDEX (USERID,DOCUMENTID) values (4,84);
Insert into SEPE_DEMO.SP_PTL_DOCUMENT_INDEX (USERID,DOCUMENTID) values (4,85);
Insert into SEPE_DEMO.SP_PTL_DOCUMENT_INDEX (USERID,DOCUMENTID) values (4,86);
Insert into SEPE_DEMO.SP_PTL_DOCUMENT_INDEX (USERID,DOCUMENTID) values (4,87);
Insert into SEPE_DEMO.SP_PTL_DOCUMENT_INDEX (USERID,DOCUMENTID) values (4,88);
Insert into SEPE_DEMO.SP_PTL_DOCUMENT_INDEX (USERID,DOCUMENTID) values (4,89);
Insert into SEPE_DEMO.SP_PTL_DOCUMENT_INDEX (USERID,DOCUMENTID) values (4,90);
Insert into SEPE_DEMO.SP_PTL_DOCUMENT_INDEX (USERID,DOCUMENTID) values (4,91);
Insert into SEPE_DEMO.SP_PTL_DOCUMENT_INDEX (USERID,DOCUMENTID) values (4,92);
Insert into SEPE_DEMO.SP_PTL_DOCUMENT_INDEX (USERID,DOCUMENTID) values (4,93);
Insert into SEPE_DEMO.SP_PTL_DOCUMENT_INDEX (USERID,DOCUMENTID) values (4,94);
Insert into SEPE_DEMO.SP_PTL_DOCUMENT_INDEX (USERID,DOCUMENTID) values (4,95);
Insert into SEPE_DEMO.SP_PTL_DOCUMENT_INDEX (USERID,DOCUMENTID) values (4,96);
Insert into SEPE_DEMO.SP_PTL_DOCUMENT_INDEX (USERID,DOCUMENTID) values (4,97);
Insert into SEPE_DEMO.SP_PTL_DOCUMENT_INDEX (USERID,DOCUMENTID) values (4,98);
Insert into SEPE_DEMO.SP_PTL_DOCUMENT_INDEX (USERID,DOCUMENTID) values (4,99);
Insert into SEPE_DEMO.SP_PTL_DOCUMENT_INDEX (USERID,DOCUMENTID) values (4,100);
Insert into SEPE_DEMO.SP_PTL_DOCUMENT_INDEX (USERID,DOCUMENTID) values (4,101);
Insert into SEPE_DEMO.SP_PTL_DOCUMENT_INDEX (USERID,DOCUMENTID) values (4,102);
Insert into SEPE_DEMO.SP_PTL_DOCUMENT_INDEX (USERID,DOCUMENTID) values (4,103);
REM INSERTING into SEPE_DEMO.SP_PTL_EMPLOYEE
SET DEFINE OFF;
Insert into SEPE_DEMO.SP_PTL_EMPLOYEE (ID,USER_ID,CARD_NUMBER,AFM,AMKA,FATHER_NAME,COMPANY_NAME,JOB_TITLE,CARD_TYPE,CITIZENSHIP_CODE,SEX,BIRTH_DATE) values (1086,1085,'X904567','997669450','20173423498','Χρήστος','Modus','Programmer',null,null,null,null);
Insert into SEPE_DEMO.SP_PTL_EMPLOYEE (ID,USER_ID,CARD_NUMBER,AFM,AMKA,FATHER_NAME,COMPANY_NAME,JOB_TITLE,CARD_TYPE,CITIZENSHIP_CODE,SEX,BIRTH_DATE) values (4,4,'Φ232467','111111111','111','Παρασκευάς','Coca Cola Hellas','Γραμματεια',null,null,null,null);
Insert into SEPE_DEMO.SP_PTL_EMPLOYEE (ID,USER_ID,CARD_NUMBER,AFM,AMKA,FATHER_NAME,COMPANY_NAME,JOB_TITLE,CARD_TYPE,CITIZENSHIP_CODE,SEX,BIRTH_DATE) values (44,44,'Χ453421','222222222','3434','Παναγιωτης','Sony Hellas','Security',null,null,null,null);
REM INSERTING into SEPE_DEMO.SP_PTL_EMPLOYEE_COMPLAINT
SET DEFINE OFF;
Insert into SEPE_DEMO.SP_PTL_EMPLOYEE_COMPLAINT (ID,COMP_ADDR,COMP_ADDR_D,COMP_ADDR_K,COMP_ADDR_P,COMP_ADDR_PE,COMP_ADDR_TK,COMP_AFM,COMP_EMP_NUM,COMP_HAS_LABOUR_UNION,COMP_NAME,COMP_PHONE,COMP_SCOPE,COMPL_MATTER,COMPL_DESCR,COMPL_INSP_TIME,COMPL_INVLOVES_SAFETY_INSP,COMPL_INVOLVES_LAB_RELATIONS,COMPL_IS_ANONYMOUS,COMPL_NO,EMP_PHONE,SEPE_DEPT,INSP_ADDR,INSP_ADDR_D,INSP_ADDR_K,INSP_ADDR_P,INSP_ADDR_PE,INSP_ADDR_TK,PROT_DATE,PROT_NO,REQ_STATUS,SUB_STATUS,USER_ID,EMP_FIRSTNAME,EMP_LASTNAME,PROT_YEAR,SUBMIT_TIME,DOC_ID,CASE_ID,RTSTAK_LEVEL_1,RTSTAK_LEVEL_2,RTSTAK_LEVEL_3,RTSTAK_LEVEL_4,RTSTAK_LEVEL_5,DOC_ID_ATTACHED,BRANCH0_ID,BRANCH1_ID) values (1101,null,null,null,null,null,null,'1215158544',null,1,'αααααααα',null,null,'"1","2","3"','βηγγξγξγξηγξη','ξηξηηξηξ',1,1,1,null,null,11040,'νβνωνωνβωνββ','9296','92960204','12','1211','15455',to_date('07-MAR-15','DD-MON-RR'),'126',1,2,4,'Αννιτα','Αντωνοπουλου',2015,'01:24:16',267,null,null,null,null,null,'0311-0',81,null,null);
Insert into SEPE_DEMO.SP_PTL_EMPLOYEE_COMPLAINT (ID,COMP_ADDR,COMP_ADDR_D,COMP_ADDR_K,COMP_ADDR_P,COMP_ADDR_PE,COMP_ADDR_TK,COMP_AFM,COMP_EMP_NUM,COMP_HAS_LABOUR_UNION,COMP_NAME,COMP_PHONE,COMP_SCOPE,COMPL_MATTER,COMPL_DESCR,COMPL_INSP_TIME,COMPL_INVLOVES_SAFETY_INSP,COMPL_INVOLVES_LAB_RELATIONS,COMPL_IS_ANONYMOUS,COMPL_NO,EMP_PHONE,SEPE_DEPT,INSP_ADDR,INSP_ADDR_D,INSP_ADDR_K,INSP_ADDR_P,INSP_ADDR_PE,INSP_ADDR_TK,PROT_DATE,PROT_NO,REQ_STATUS,SUB_STATUS,USER_ID,EMP_FIRSTNAME,EMP_LASTNAME,PROT_YEAR,SUBMIT_TIME,DOC_ID,CASE_ID,RTSTAK_LEVEL_1,RTSTAK_LEVEL_2,RTSTAK_LEVEL_3,RTSTAK_LEVEL_4,RTSTAK_LEVEL_5,DOC_ID_ATTACHED,BRANCH0_ID,BRANCH1_ID) values (903,null,null,null,null,null,null,'111111111',null,0,'Annita',null,null,'"1"','test complaint','oxi',1,0,1,null,null,11040,'kifisias 33','9168','91680101','09','0901','23123',to_date('28-FEB-15','DD-MON-RR'),'104',1,2,4,'manolis','viennas',2015,'13:46:26',224,null,null,null,null,null,'0311-0',null,null,null);
Insert into SEPE_DEMO.SP_PTL_EMPLOYEE_COMPLAINT (ID,COMP_ADDR,COMP_ADDR_D,COMP_ADDR_K,COMP_ADDR_P,COMP_ADDR_PE,COMP_ADDR_TK,COMP_AFM,COMP_EMP_NUM,COMP_HAS_LABOUR_UNION,COMP_NAME,COMP_PHONE,COMP_SCOPE,COMPL_MATTER,COMPL_DESCR,COMPL_INSP_TIME,COMPL_INVLOVES_SAFETY_INSP,COMPL_INVOLVES_LAB_RELATIONS,COMPL_IS_ANONYMOUS,COMPL_NO,EMP_PHONE,SEPE_DEPT,INSP_ADDR,INSP_ADDR_D,INSP_ADDR_K,INSP_ADDR_P,INSP_ADDR_PE,INSP_ADDR_TK,PROT_DATE,PROT_NO,REQ_STATUS,SUB_STATUS,USER_ID,EMP_FIRSTNAME,EMP_LASTNAME,PROT_YEAR,SUBMIT_TIME,DOC_ID,CASE_ID,RTSTAK_LEVEL_1,RTSTAK_LEVEL_2,RTSTAK_LEVEL_3,RTSTAK_LEVEL_4,RTSTAK_LEVEL_5,DOC_ID_ATTACHED,BRANCH0_ID,BRANCH1_ID) values (1084,null,null,null,null,null,null,null,null,null,'aaaaaaaaaaaaaaaa',null,null,'"1","2","3"','assfa',null,null,null,1,null,null,null,null,null,null,null,null,null,to_date('07-MAR-15','DD-MON-RR'),'-',null,1,4,'Αννιτα','Αντωνοπουλου',2015,'16:38',null,null,null,null,null,null,null,87,null,null);
Insert into SEPE_DEMO.SP_PTL_EMPLOYEE_COMPLAINT (ID,COMP_ADDR,COMP_ADDR_D,COMP_ADDR_K,COMP_ADDR_P,COMP_ADDR_PE,COMP_ADDR_TK,COMP_AFM,COMP_EMP_NUM,COMP_HAS_LABOUR_UNION,COMP_NAME,COMP_PHONE,COMP_SCOPE,COMPL_MATTER,COMPL_DESCR,COMPL_INSP_TIME,COMPL_INVLOVES_SAFETY_INSP,COMPL_INVOLVES_LAB_RELATIONS,COMPL_IS_ANONYMOUS,COMPL_NO,EMP_PHONE,SEPE_DEPT,INSP_ADDR,INSP_ADDR_D,INSP_ADDR_K,INSP_ADDR_P,INSP_ADDR_PE,INSP_ADDR_TK,PROT_DATE,PROT_NO,REQ_STATUS,SUB_STATUS,USER_ID,EMP_FIRSTNAME,EMP_LASTNAME,PROT_YEAR,SUBMIT_TIME,DOC_ID,CASE_ID,RTSTAK_LEVEL_1,RTSTAK_LEVEL_2,RTSTAK_LEVEL_3,RTSTAK_LEVEL_4,RTSTAK_LEVEL_5,DOC_ID_ATTACHED,BRANCH0_ID,BRANCH1_ID) values (1102,'Ομήρου 9','9200','92000101','09','0904','11111','997669450',null,null,'ΓΥΜΝΑΣΤΙΚΟΣ ΣΥΛΛΟΓΟΣ ΑΠΟΛΛΩΝ ΣΜΥΡΝΗΣ ΠΟΔΟΣΦΑΙΡΙΚΗ','2105515555',null,'"1","2"','autocomplete',null,null,null,1,null,null,null,'Θέτιδος 55','9191','91910101','09','0903','11445',to_date('09-MAR-15','DD-MON-RR'),'-',null,1,4,'Αννιτα','Αντωνοπουλου',2015,'14:36',null,null,null,null,null,null,null,82,null,null);
Insert into SEPE_DEMO.SP_PTL_EMPLOYEE_COMPLAINT (ID,COMP_ADDR,COMP_ADDR_D,COMP_ADDR_K,COMP_ADDR_P,COMP_ADDR_PE,COMP_ADDR_TK,COMP_AFM,COMP_EMP_NUM,COMP_HAS_LABOUR_UNION,COMP_NAME,COMP_PHONE,COMP_SCOPE,COMPL_MATTER,COMPL_DESCR,COMPL_INSP_TIME,COMPL_INVLOVES_SAFETY_INSP,COMPL_INVOLVES_LAB_RELATIONS,COMPL_IS_ANONYMOUS,COMPL_NO,EMP_PHONE,SEPE_DEPT,INSP_ADDR,INSP_ADDR_D,INSP_ADDR_K,INSP_ADDR_P,INSP_ADDR_PE,INSP_ADDR_TK,PROT_DATE,PROT_NO,REQ_STATUS,SUB_STATUS,USER_ID,EMP_FIRSTNAME,EMP_LASTNAME,PROT_YEAR,SUBMIT_TIME,DOC_ID,CASE_ID,RTSTAK_LEVEL_1,RTSTAK_LEVEL_2,RTSTAK_LEVEL_3,RTSTAK_LEVEL_4,RTSTAK_LEVEL_5,DOC_ID_ATTACHED,BRANCH0_ID,BRANCH1_ID) values (1081,null,null,null,null,null,null,'154545541',null,1,'xdfdsfgds',null,null,'"1","2"','0000000000000','οχιι',1,0,1,null,null,11040,'ξηξηξκηκξηξκ','9180','91800201','09','0902','21112',to_date('07-MAR-15','DD-MON-RR'),'125',1,2,4,'Αννιτα','Αντωνοπουλου',2015,'01:19:18',266,null,null,null,null,null,'0311-0',80,null,null);
Insert into SEPE_DEMO.SP_PTL_EMPLOYEE_COMPLAINT (ID,COMP_ADDR,COMP_ADDR_D,COMP_ADDR_K,COMP_ADDR_P,COMP_ADDR_PE,COMP_ADDR_TK,COMP_AFM,COMP_EMP_NUM,COMP_HAS_LABOUR_UNION,COMP_NAME,COMP_PHONE,COMP_SCOPE,COMPL_MATTER,COMPL_DESCR,COMPL_INSP_TIME,COMPL_INVLOVES_SAFETY_INSP,COMPL_INVOLVES_LAB_RELATIONS,COMPL_IS_ANONYMOUS,COMPL_NO,EMP_PHONE,SEPE_DEPT,INSP_ADDR,INSP_ADDR_D,INSP_ADDR_K,INSP_ADDR_P,INSP_ADDR_PE,INSP_ADDR_TK,PROT_DATE,PROT_NO,REQ_STATUS,SUB_STATUS,USER_ID,EMP_FIRSTNAME,EMP_LASTNAME,PROT_YEAR,SUBMIT_TIME,DOC_ID,CASE_ID,RTSTAK_LEVEL_1,RTSTAK_LEVEL_2,RTSTAK_LEVEL_3,RTSTAK_LEVEL_4,RTSTAK_LEVEL_5,DOC_ID_ATTACHED,BRANCH0_ID,BRANCH1_ID) values (1283,null,null,null,null,null,null,null,null,null,'zzzzzzzzzzzzzzzzzzzzzzzzzzzzzzzzzzzzzz',null,null,'"1"','zzzz',null,null,null,1,null,'ζζζζζζζζζζζζζζζζ',null,null,null,null,null,null,null,to_date('14-MAR-15','DD-MON-RR'),'-',null,1,4,'Αννιτα','Αντωνοπουλου',2015,'11:36',null,null,null,null,null,null,null,null,null,null);
Insert into SEPE_DEMO.SP_PTL_EMPLOYEE_COMPLAINT (ID,COMP_ADDR,COMP_ADDR_D,COMP_ADDR_K,COMP_ADDR_P,COMP_ADDR_PE,COMP_ADDR_TK,COMP_AFM,COMP_EMP_NUM,COMP_HAS_LABOUR_UNION,COMP_NAME,COMP_PHONE,COMP_SCOPE,COMPL_MATTER,COMPL_DESCR,COMPL_INSP_TIME,COMPL_INVLOVES_SAFETY_INSP,COMPL_INVOLVES_LAB_RELATIONS,COMPL_IS_ANONYMOUS,COMPL_NO,EMP_PHONE,SEPE_DEPT,INSP_ADDR,INSP_ADDR_D,INSP_ADDR_K,INSP_ADDR_P,INSP_ADDR_PE,INSP_ADDR_TK,PROT_DATE,PROT_NO,REQ_STATUS,SUB_STATUS,USER_ID,EMP_FIRSTNAME,EMP_LASTNAME,PROT_YEAR,SUBMIT_TIME,DOC_ID,CASE_ID,RTSTAK_LEVEL_1,RTSTAK_LEVEL_2,RTSTAK_LEVEL_3,RTSTAK_LEVEL_4,RTSTAK_LEVEL_5,DOC_ID_ATTACHED,BRANCH0_ID,BRANCH1_ID) values (1,'testt','9008','90080103','01','0102',null,null,null,null,'FGDD',null,'HGFFFJFJH','""','ΔΟΚΙΜΗ',null,null,null,1,'C20150205_304',null,null,'GJHHGKJHGJHGK','9134','91340406','07','0702',null,to_date('05-FEB-15','DD-MON-RR'),'P20150205_304',0,2,4,null,null,2015,'06:08',null,null,null,null,null,null,null,null,null,null);
Insert into SEPE_DEMO.SP_PTL_EMPLOYEE_COMPLAINT (ID,COMP_ADDR,COMP_ADDR_D,COMP_ADDR_K,COMP_ADDR_P,COMP_ADDR_PE,COMP_ADDR_TK,COMP_AFM,COMP_EMP_NUM,COMP_HAS_LABOUR_UNION,COMP_NAME,COMP_PHONE,COMP_SCOPE,COMPL_MATTER,COMPL_DESCR,COMPL_INSP_TIME,COMPL_INVLOVES_SAFETY_INSP,COMPL_INVOLVES_LAB_RELATIONS,COMPL_IS_ANONYMOUS,COMPL_NO,EMP_PHONE,SEPE_DEPT,INSP_ADDR,INSP_ADDR_D,INSP_ADDR_K,INSP_ADDR_P,INSP_ADDR_PE,INSP_ADDR_TK,PROT_DATE,PROT_NO,REQ_STATUS,SUB_STATUS,USER_ID,EMP_FIRSTNAME,EMP_LASTNAME,PROT_YEAR,SUBMIT_TIME,DOC_ID,CASE_ID,RTSTAK_LEVEL_1,RTSTAK_LEVEL_2,RTSTAK_LEVEL_3,RTSTAK_LEVEL_4,RTSTAK_LEVEL_5,DOC_ID_ATTACHED,BRANCH0_ID,BRANCH1_ID) values (1141,null,null,null,null,null,null,'123456789',null,0,'αααααααααααα',null,null,'"1","2"','αααααααααααααααααααααα','nooooooooooooooooo',1,0,1,null,null,11040,'bjhbjbhjhj','9310','93100112','13','1302','12345',to_date('07-MAR-15','DD-MON-RR'),'129',1,2,4,'Αννιτα','Αντωνοπουλου',2015,'15:13:46',270,null,'%CE%97','51','511','5110','5110-0',86,null,null);
Insert into SEPE_DEMO.SP_PTL_EMPLOYEE_COMPLAINT (ID,COMP_ADDR,COMP_ADDR_D,COMP_ADDR_K,COMP_ADDR_P,COMP_ADDR_PE,COMP_ADDR_TK,COMP_AFM,COMP_EMP_NUM,COMP_HAS_LABOUR_UNION,COMP_NAME,COMP_PHONE,COMP_SCOPE,COMPL_MATTER,COMPL_DESCR,COMPL_INSP_TIME,COMPL_INVLOVES_SAFETY_INSP,COMPL_INVOLVES_LAB_RELATIONS,COMPL_IS_ANONYMOUS,COMPL_NO,EMP_PHONE,SEPE_DEPT,INSP_ADDR,INSP_ADDR_D,INSP_ADDR_K,INSP_ADDR_P,INSP_ADDR_PE,INSP_ADDR_TK,PROT_DATE,PROT_NO,REQ_STATUS,SUB_STATUS,USER_ID,EMP_FIRSTNAME,EMP_LASTNAME,PROT_YEAR,SUBMIT_TIME,DOC_ID,CASE_ID,RTSTAK_LEVEL_1,RTSTAK_LEVEL_2,RTSTAK_LEVEL_3,RTSTAK_LEVEL_4,RTSTAK_LEVEL_5,DOC_ID_ATTACHED,BRANCH0_ID,BRANCH1_ID) values (805,null,null,null,null,null,null,'242442141',null,0,'CEID UPATRAS',null,null,'"3"','aaammmeeeaaa','weqweqeqwe',0,0,1,null,null,null,'23','9073','90730202','04','0401','231231',to_date('25-FEB-15','DD-MON-RR'),'-',1,2,4,'manolis','viennas',2015,'12:32',null,null,null,null,null,null,null,null,null,null);
Insert into SEPE_DEMO.SP_PTL_EMPLOYEE_COMPLAINT (ID,COMP_ADDR,COMP_ADDR_D,COMP_ADDR_K,COMP_ADDR_P,COMP_ADDR_PE,COMP_ADDR_TK,COMP_AFM,COMP_EMP_NUM,COMP_HAS_LABOUR_UNION,COMP_NAME,COMP_PHONE,COMP_SCOPE,COMPL_MATTER,COMPL_DESCR,COMPL_INSP_TIME,COMPL_INVLOVES_SAFETY_INSP,COMPL_INVOLVES_LAB_RELATIONS,COMPL_IS_ANONYMOUS,COMPL_NO,EMP_PHONE,SEPE_DEPT,INSP_ADDR,INSP_ADDR_D,INSP_ADDR_K,INSP_ADDR_P,INSP_ADDR_PE,INSP_ADDR_TK,PROT_DATE,PROT_NO,REQ_STATUS,SUB_STATUS,USER_ID,EMP_FIRSTNAME,EMP_LASTNAME,PROT_YEAR,SUBMIT_TIME,DOC_ID,CASE_ID,RTSTAK_LEVEL_1,RTSTAK_LEVEL_2,RTSTAK_LEVEL_3,RTSTAK_LEVEL_4,RTSTAK_LEVEL_5,DOC_ID_ATTACHED,BRANCH0_ID,BRANCH1_ID) values (821,null,null,null,null,null,null,'242342',null,1,'ceiddd',null,null,'"2"','annita_new_test','13123',1,1,2,null,null,11040,'23','9179','91790101','09','0902','231231',to_date('28-FEB-15','DD-MON-RR'),'103',1,2,4,null,null,2015,'12:55:35',223,null,null,null,null,null,'0311-0',null,null,null);
Insert into SEPE_DEMO.SP_PTL_EMPLOYEE_COMPLAINT (ID,COMP_ADDR,COMP_ADDR_D,COMP_ADDR_K,COMP_ADDR_P,COMP_ADDR_PE,COMP_ADDR_TK,COMP_AFM,COMP_EMP_NUM,COMP_HAS_LABOUR_UNION,COMP_NAME,COMP_PHONE,COMP_SCOPE,COMPL_MATTER,COMPL_DESCR,COMPL_INSP_TIME,COMPL_INVLOVES_SAFETY_INSP,COMPL_INVOLVES_LAB_RELATIONS,COMPL_IS_ANONYMOUS,COMPL_NO,EMP_PHONE,SEPE_DEPT,INSP_ADDR,INSP_ADDR_D,INSP_ADDR_K,INSP_ADDR_P,INSP_ADDR_PE,INSP_ADDR_TK,PROT_DATE,PROT_NO,REQ_STATUS,SUB_STATUS,USER_ID,EMP_FIRSTNAME,EMP_LASTNAME,PROT_YEAR,SUBMIT_TIME,DOC_ID,CASE_ID,RTSTAK_LEVEL_1,RTSTAK_LEVEL_2,RTSTAK_LEVEL_3,RTSTAK_LEVEL_4,RTSTAK_LEVEL_5,DOC_ID_ATTACHED,BRANCH0_ID,BRANCH1_ID) values (902,null,null,null,null,null,null,'111111111',null,0,'11111111111111111',null,null,'"1","3"','1111111111111111111111111','oxi',0,1,1,null,null,11040,'342','9180','91800201','09','0902','34222',to_date('03-MAR-15','DD-MON-RR'),'125',1,2,4,'Αννιτα','Αντωνοπουλου',2015,'19:43:05',245,null,null,null,null,null,'0311-0',-1,null,null);
Insert into SEPE_DEMO.SP_PTL_EMPLOYEE_COMPLAINT (ID,COMP_ADDR,COMP_ADDR_D,COMP_ADDR_K,COMP_ADDR_P,COMP_ADDR_PE,COMP_ADDR_TK,COMP_AFM,COMP_EMP_NUM,COMP_HAS_LABOUR_UNION,COMP_NAME,COMP_PHONE,COMP_SCOPE,COMPL_MATTER,COMPL_DESCR,COMPL_INSP_TIME,COMPL_INVLOVES_SAFETY_INSP,COMPL_INVOLVES_LAB_RELATIONS,COMPL_IS_ANONYMOUS,COMPL_NO,EMP_PHONE,SEPE_DEPT,INSP_ADDR,INSP_ADDR_D,INSP_ADDR_K,INSP_ADDR_P,INSP_ADDR_PE,INSP_ADDR_TK,PROT_DATE,PROT_NO,REQ_STATUS,SUB_STATUS,USER_ID,EMP_FIRSTNAME,EMP_LASTNAME,PROT_YEAR,SUBMIT_TIME,DOC_ID,CASE_ID,RTSTAK_LEVEL_1,RTSTAK_LEVEL_2,RTSTAK_LEVEL_3,RTSTAK_LEVEL_4,RTSTAK_LEVEL_5,DOC_ID_ATTACHED,BRANCH0_ID,BRANCH1_ID) values (905,'sdfsdfsdf',null,null,null,null,null,'5154151515',null,1,'222222222222222222',null,null,'"3"','222222222222222222222222222222222','dfgdfgsdfgsg',1,0,1,null,null,11040,'njxnjfnjgdg 15','9024','90240301','02','0201','12345',to_date('28-FEB-15','DD-MON-RR'),'105',1,2,4,'manolis','viennas',2015,'14:06:32',225,null,null,null,null,null,'0311-0',null,null,null);
Insert into SEPE_DEMO.SP_PTL_EMPLOYEE_COMPLAINT (ID,COMP_ADDR,COMP_ADDR_D,COMP_ADDR_K,COMP_ADDR_P,COMP_ADDR_PE,COMP_ADDR_TK,COMP_AFM,COMP_EMP_NUM,COMP_HAS_LABOUR_UNION,COMP_NAME,COMP_PHONE,COMP_SCOPE,COMPL_MATTER,COMPL_DESCR,COMPL_INSP_TIME,COMPL_INVLOVES_SAFETY_INSP,COMPL_INVOLVES_LAB_RELATIONS,COMPL_IS_ANONYMOUS,COMPL_NO,EMP_PHONE,SEPE_DEPT,INSP_ADDR,INSP_ADDR_D,INSP_ADDR_K,INSP_ADDR_P,INSP_ADDR_PE,INSP_ADDR_TK,PROT_DATE,PROT_NO,REQ_STATUS,SUB_STATUS,USER_ID,EMP_FIRSTNAME,EMP_LASTNAME,PROT_YEAR,SUBMIT_TIME,DOC_ID,CASE_ID,RTSTAK_LEVEL_1,RTSTAK_LEVEL_2,RTSTAK_LEVEL_3,RTSTAK_LEVEL_4,RTSTAK_LEVEL_5,DOC_ID_ATTACHED,BRANCH0_ID,BRANCH1_ID) values (1281,null,null,null,null,null,null,'111111111',null,null,'aaaaaaaaaaaaaaaaaaaaa',null,null,'"2"','asdasdsadasdasd',null,null,null,1,null,'sdfsdfsd',null,null,null,null,null,null,null,to_date('14-MAR-15','DD-MON-RR'),'-',null,1,4,'Αννιτα','Αντωνοπουλου',2015,'11:35',null,null,null,null,null,null,null,null,null,null);
Insert into SEPE_DEMO.SP_PTL_EMPLOYEE_COMPLAINT (ID,COMP_ADDR,COMP_ADDR_D,COMP_ADDR_K,COMP_ADDR_P,COMP_ADDR_PE,COMP_ADDR_TK,COMP_AFM,COMP_EMP_NUM,COMP_HAS_LABOUR_UNION,COMP_NAME,COMP_PHONE,COMP_SCOPE,COMPL_MATTER,COMPL_DESCR,COMPL_INSP_TIME,COMPL_INVLOVES_SAFETY_INSP,COMPL_INVOLVES_LAB_RELATIONS,COMPL_IS_ANONYMOUS,COMPL_NO,EMP_PHONE,SEPE_DEPT,INSP_ADDR,INSP_ADDR_D,INSP_ADDR_K,INSP_ADDR_P,INSP_ADDR_PE,INSP_ADDR_TK,PROT_DATE,PROT_NO,REQ_STATUS,SUB_STATUS,USER_ID,EMP_FIRSTNAME,EMP_LASTNAME,PROT_YEAR,SUBMIT_TIME,DOC_ID,CASE_ID,RTSTAK_LEVEL_1,RTSTAK_LEVEL_2,RTSTAK_LEVEL_3,RTSTAK_LEVEL_4,RTSTAK_LEVEL_5,DOC_ID_ATTACHED,BRANCH0_ID,BRANCH1_ID) values (1282,null,null,null,null,null,null,null,null,null,'zzzzzzzzzzzzzzzzzzzzzzzzzzzzzzzzzzzzzz',null,null,'"1"','zzzz',null,null,null,1,null,'ζζζζζζζζζζζζζζζζ',null,null,null,null,null,null,null,to_date('14-MAR-15','DD-MON-RR'),'-',null,1,4,'Αννιτα','Αντωνοπουλου',2015,'11:36',null,null,null,null,null,null,null,null,null,null);
Insert into SEPE_DEMO.SP_PTL_EMPLOYEE_COMPLAINT (ID,COMP_ADDR,COMP_ADDR_D,COMP_ADDR_K,COMP_ADDR_P,COMP_ADDR_PE,COMP_ADDR_TK,COMP_AFM,COMP_EMP_NUM,COMP_HAS_LABOUR_UNION,COMP_NAME,COMP_PHONE,COMP_SCOPE,COMPL_MATTER,COMPL_DESCR,COMPL_INSP_TIME,COMPL_INVLOVES_SAFETY_INSP,COMPL_INVOLVES_LAB_RELATIONS,COMPL_IS_ANONYMOUS,COMPL_NO,EMP_PHONE,SEPE_DEPT,INSP_ADDR,INSP_ADDR_D,INSP_ADDR_K,INSP_ADDR_P,INSP_ADDR_PE,INSP_ADDR_TK,PROT_DATE,PROT_NO,REQ_STATUS,SUB_STATUS,USER_ID,EMP_FIRSTNAME,EMP_LASTNAME,PROT_YEAR,SUBMIT_TIME,DOC_ID,CASE_ID,RTSTAK_LEVEL_1,RTSTAK_LEVEL_2,RTSTAK_LEVEL_3,RTSTAK_LEVEL_4,RTSTAK_LEVEL_5,DOC_ID_ATTACHED,BRANCH0_ID,BRANCH1_ID) values (889,'kifisias 32','9233','92330101','10','1001','25014','069011606','1',1,'Coca Cola','2100000000',null,'"2"','perigrafi katagelias','sigekrimeni wra',1,1,1,null,'2100000000',11040,'kifisias 32','9233','92330101','10','1001','25014',to_date('28-FEB-15','DD-MON-RR'),'106',1,2,4,'manolis','viennas',2015,'14:34:53',226,null,'%CE%9C','71','711','7112','7112-0',null,null,null);
Insert into SEPE_DEMO.SP_PTL_EMPLOYEE_COMPLAINT (ID,COMP_ADDR,COMP_ADDR_D,COMP_ADDR_K,COMP_ADDR_P,COMP_ADDR_PE,COMP_ADDR_TK,COMP_AFM,COMP_EMP_NUM,COMP_HAS_LABOUR_UNION,COMP_NAME,COMP_PHONE,COMP_SCOPE,COMPL_MATTER,COMPL_DESCR,COMPL_INSP_TIME,COMPL_INVLOVES_SAFETY_INSP,COMPL_INVOLVES_LAB_RELATIONS,COMPL_IS_ANONYMOUS,COMPL_NO,EMP_PHONE,SEPE_DEPT,INSP_ADDR,INSP_ADDR_D,INSP_ADDR_K,INSP_ADDR_P,INSP_ADDR_PE,INSP_ADDR_TK,PROT_DATE,PROT_NO,REQ_STATUS,SUB_STATUS,USER_ID,EMP_FIRSTNAME,EMP_LASTNAME,PROT_YEAR,SUBMIT_TIME,DOC_ID,CASE_ID,RTSTAK_LEVEL_1,RTSTAK_LEVEL_2,RTSTAK_LEVEL_3,RTSTAK_LEVEL_4,RTSTAK_LEVEL_5,DOC_ID_ATTACHED,BRANCH0_ID,BRANCH1_ID) values (906,null,null,null,null,null,null,'111111111',null,0,'test_28_02',null,null,'"1","2"','test_28/02','oxi',1,0,1,null,null,11040,'4546','9261','92610402','11','1102','56789',to_date('05-MAR-15','DD-MON-RR'),'124',1,2,4,'Αννιτα','Αντωνοπουλου',2015,'14:31:30',265,null,null,null,null,null,'0311-0',-1,null,null);
REM INSERTING into SEPE_DEMO.SP_PTL_EMPLOYEE_DISPUTE
SET DEFINE OFF;
Insert into SEPE_DEMO.SP_PTL_EMPLOYEE_DISPUTE (ID,USER_ID,SUB_STATUS,REQ_STATUS,PROT_NO,EMP_FIRSTNAME,EMP_LASTNAME,EMP_SPECIALITY_ID,PROT_YEAR,EMP_MARITAL_STATUS,EMP_CHILDREN_NUM,EMP_NET_SALARY,EMP_FROM_DATE,EMP_UNTIL_DATE,EMP_WORKING_HOURS,EMP_ADDR,EMP_ADDR_TK,EMP_ADDR_P,EMP_ADDR_PE,EMP_ADDR_D,EMP_ADDR_K,EMP_AFM,EMP_AMKA,EMP_CARD_NUMBER,EMP_PHONE,EMP_MOBILE,COMP_NAME,COMP_SCOPE,COMP_REPRESENTATIVE,COMP_ADDR,COMP_ADDR_TK,COMP_ADDR_P,COMP_ADDR_PE,COMP_ADDR_D,COMP_ADDR_K,COMP_BR_ADDR,COMP_BR_ADDR_TK,COMP_BR_ADDR_P,COMP_BR_ADDR_PE,COMP_BR_ADDR_D,COMP_BR_ADDR_K,COMP_AFM,COMP_DOY,COMP_AME_IKA,COMP_PHONE,NOTES,GROUP_DISCUSSION,PROT_DATE,APPLICANT_TYPE,APPLICATION_TYPE,EMP_SEX,EMP_AGE,EMP_CITIZENSHIP,EMP_CARD_TYPE,DOC_ID,SUBMIT_TIME,DEPARTMENT,CASE_ID,RTSTAK_LEVEL_1,RTSTAK_LEVEL_2,RTSTAK_LEVEL_3,RTSTAK_LEVEL_4,RTSTAK_LEVEL_5,BRANCH0_ID,BRANCH1_ID,DOC_ID_ATTACHED) values (1082,4,1,null,'0',null,null,null,2015,null,0,null,to_date('10-FEB-15','DD-MON-RR'),to_date('03-MAR-15','DD-MON-RR'),'null-null',null,null,null,null,null,null,null,null,null,null,null,'ΓΥΜΝΑΣΤΙΚΟΣ ΣΥΛΛΟΓΟΣ ΑΠΟΛΛΩΝ ΣΜΥΡΝΗΣ ΠΟΔΟΣΦΑΙΡΙΚΗ ΑΝΩΝΥΜΗ ΕΤΑΙΡΕΙΑ',null,null,'Ομήρου 9','11111','09','0904','9200','92000101','Θέτιδος 55','11445','09','0903','9191','91910101','997669450',null,'AME-01','2105515555',null,null,to_date('10-MAR-15','DD-MON-RR'),1,null,null,null,null,null,null,'14:04',null,null,'Α','01','011','0119','0119-1',0,1,84);
Insert into SEPE_DEMO.SP_PTL_EMPLOYEE_DISPUTE (ID,USER_ID,SUB_STATUS,REQ_STATUS,PROT_NO,EMP_FIRSTNAME,EMP_LASTNAME,EMP_SPECIALITY_ID,PROT_YEAR,EMP_MARITAL_STATUS,EMP_CHILDREN_NUM,EMP_NET_SALARY,EMP_FROM_DATE,EMP_UNTIL_DATE,EMP_WORKING_HOURS,EMP_ADDR,EMP_ADDR_TK,EMP_ADDR_P,EMP_ADDR_PE,EMP_ADDR_D,EMP_ADDR_K,EMP_AFM,EMP_AMKA,EMP_CARD_NUMBER,EMP_PHONE,EMP_MOBILE,COMP_NAME,COMP_SCOPE,COMP_REPRESENTATIVE,COMP_ADDR,COMP_ADDR_TK,COMP_ADDR_P,COMP_ADDR_PE,COMP_ADDR_D,COMP_ADDR_K,COMP_BR_ADDR,COMP_BR_ADDR_TK,COMP_BR_ADDR_P,COMP_BR_ADDR_PE,COMP_BR_ADDR_D,COMP_BR_ADDR_K,COMP_AFM,COMP_DOY,COMP_AME_IKA,COMP_PHONE,NOTES,GROUP_DISCUSSION,PROT_DATE,APPLICANT_TYPE,APPLICATION_TYPE,EMP_SEX,EMP_AGE,EMP_CITIZENSHIP,EMP_CARD_TYPE,DOC_ID,SUBMIT_TIME,DEPARTMENT,CASE_ID,RTSTAK_LEVEL_1,RTSTAK_LEVEL_2,RTSTAK_LEVEL_3,RTSTAK_LEVEL_4,RTSTAK_LEVEL_5,BRANCH0_ID,BRANCH1_ID,DOC_ID_ATTACHED) values (1221,1085,2,1,'3','annita','Mourtzikou',-1,2015,-1,0,'111',to_date('09-FEB-15','DD-MON-RR'),to_date('09-MAR-15','DD-MON-RR'),'null-null','2354','23111','09','0901','9176','91760101','997669450','20173423498','X904567',null,null,'ΓΥΜΝΑΣΤΙΚΟΣ ΣΥΛΛΟΓΟΣ ΑΠΟΛΛΩΝ ΣΜΥΡΝΗΣ ΠΟΔΟΣΦΑΙΡΙΚΗ ΑΝΩΝΥΜΗ ΕΤΑΙΡΕΙΑ',null,null,'Ομήρου 9','11111','09','0904','9200','92000101','Ομήρου 9','11111','09','0904','9200','92000101','997669450',null,'AME-01','2105515555',null,0,to_date('11-MAR-15','DD-MON-RR'),1,-1,'0',-1,-1,-1,281,'20:32:57',11040,null,'Α','01','011','0119','0119-1',0,0,-1);
Insert into SEPE_DEMO.SP_PTL_EMPLOYEE_DISPUTE (ID,USER_ID,SUB_STATUS,REQ_STATUS,PROT_NO,EMP_FIRSTNAME,EMP_LASTNAME,EMP_SPECIALITY_ID,PROT_YEAR,EMP_MARITAL_STATUS,EMP_CHILDREN_NUM,EMP_NET_SALARY,EMP_FROM_DATE,EMP_UNTIL_DATE,EMP_WORKING_HOURS,EMP_ADDR,EMP_ADDR_TK,EMP_ADDR_P,EMP_ADDR_PE,EMP_ADDR_D,EMP_ADDR_K,EMP_AFM,EMP_AMKA,EMP_CARD_NUMBER,EMP_PHONE,EMP_MOBILE,COMP_NAME,COMP_SCOPE,COMP_REPRESENTATIVE,COMP_ADDR,COMP_ADDR_TK,COMP_ADDR_P,COMP_ADDR_PE,COMP_ADDR_D,COMP_ADDR_K,COMP_BR_ADDR,COMP_BR_ADDR_TK,COMP_BR_ADDR_P,COMP_BR_ADDR_PE,COMP_BR_ADDR_D,COMP_BR_ADDR_K,COMP_AFM,COMP_DOY,COMP_AME_IKA,COMP_PHONE,NOTES,GROUP_DISCUSSION,PROT_DATE,APPLICANT_TYPE,APPLICATION_TYPE,EMP_SEX,EMP_AGE,EMP_CITIZENSHIP,EMP_CARD_TYPE,DOC_ID,SUBMIT_TIME,DEPARTMENT,CASE_ID,RTSTAK_LEVEL_1,RTSTAK_LEVEL_2,RTSTAK_LEVEL_3,RTSTAK_LEVEL_4,RTSTAK_LEVEL_5,BRANCH0_ID,BRANCH1_ID,DOC_ID_ATTACHED) values (1242,1085,1,null,'0',null,null,null,2015,null,0,'100',to_date('16-FEB-15','DD-MON-RR'),to_date('10-MAR-15','DD-MON-RR'),'null-null','2342','24111','12','1211','9297','92970101',null,null,null,null,null,'ΓΥΜΝΑΣΤΙΚΟΣ ΣΥΛΛΟΓΟΣ ΑΠΟΛΛΩΝ ΣΜΥΡΝΗΣ ΠΟΔΟΣΦΑΙΡΙΚΗ ΑΝΩΝΥΜΗ ΕΤΑΙΡΕΙΑ',null,null,'Ομήρου 9','11111','09','0904','9200','92000101','Ομήρου 9','11111','09','0904','9200','92000101','997669450',null,'AME-01','2105515555',null,0,to_date('11-MAR-15','DD-MON-RR'),1,null,null,null,null,null,null,'11:41',null,null,'Α','01','011','0119','0119-1',0,0,null);
Insert into SEPE_DEMO.SP_PTL_EMPLOYEE_DISPUTE (ID,USER_ID,SUB_STATUS,REQ_STATUS,PROT_NO,EMP_FIRSTNAME,EMP_LASTNAME,EMP_SPECIALITY_ID,PROT_YEAR,EMP_MARITAL_STATUS,EMP_CHILDREN_NUM,EMP_NET_SALARY,EMP_FROM_DATE,EMP_UNTIL_DATE,EMP_WORKING_HOURS,EMP_ADDR,EMP_ADDR_TK,EMP_ADDR_P,EMP_ADDR_PE,EMP_ADDR_D,EMP_ADDR_K,EMP_AFM,EMP_AMKA,EMP_CARD_NUMBER,EMP_PHONE,EMP_MOBILE,COMP_NAME,COMP_SCOPE,COMP_REPRESENTATIVE,COMP_ADDR,COMP_ADDR_TK,COMP_ADDR_P,COMP_ADDR_PE,COMP_ADDR_D,COMP_ADDR_K,COMP_BR_ADDR,COMP_BR_ADDR_TK,COMP_BR_ADDR_P,COMP_BR_ADDR_PE,COMP_BR_ADDR_D,COMP_BR_ADDR_K,COMP_AFM,COMP_DOY,COMP_AME_IKA,COMP_PHONE,NOTES,GROUP_DISCUSSION,PROT_DATE,APPLICANT_TYPE,APPLICATION_TYPE,EMP_SEX,EMP_AGE,EMP_CITIZENSHIP,EMP_CARD_TYPE,DOC_ID,SUBMIT_TIME,DEPARTMENT,CASE_ID,RTSTAK_LEVEL_1,RTSTAK_LEVEL_2,RTSTAK_LEVEL_3,RTSTAK_LEVEL_4,RTSTAK_LEVEL_5,BRANCH0_ID,BRANCH1_ID,DOC_ID_ATTACHED) values (1121,1085,2,1,'142','annita','Mourtzikou',-1,2015,-1,0,'1000',to_date('05-MAR-15','DD-MON-RR'),to_date('25-MAR-15','DD-MON-RR'),'null-null','23','56798','12','1202','9269','92690101','997669450','20173423498','X904567',null,null,'ΓΥΜΝΑΣΤΙΚΟΣ ΣΥΛΛΟΓΟΣ ΑΠΟΛΛΩΝ ΣΜΥΡΝΗΣ',null,null,'Ομήρου 9','11111','09','0904','9200','92000101','Ομήρου 9','11111','09','0904','9200','92000101','997669450',null,'AME-01','2105515555',null,0,to_date('10-MAR-15','DD-MON-RR'),1,-1,'0',-1,-1,-1,283,'01:45:50',11040,null,null,null,null,null,'0311',0,0,-1);
REM INSERTING into SEPE_DEMO.SP_PTL_EMPLOYEE_DISPUTE_REASON
SET DEFINE OFF;
Insert into SEPE_DEMO.SP_PTL_EMPLOYEE_DISPUTE_REASON (ID,T_EMPLOYEE_DISPUTE,DATE_START,DATE_END,COMMENTS,REASON_ID) values (1205,1082,to_date('03-MAR-15','DD-MON-RR'),to_date('28-MAR-15','DD-MON-RR'),null,15);
Insert into SEPE_DEMO.SP_PTL_EMPLOYEE_DISPUTE_REASON (ID,T_EMPLOYEE_DISPUTE,DATE_START,DATE_END,COMMENTS,REASON_ID) values (1206,1082,to_date('09-DEC-14','DD-MON-RR'),to_date('04-MAR-15','DD-MON-RR'),null,17);
Insert into SEPE_DEMO.SP_PTL_EMPLOYEE_DISPUTE_REASON (ID,T_EMPLOYEE_DISPUTE,DATE_START,DATE_END,COMMENTS,REASON_ID) values (1197,1121,to_date('09-FEB-15','DD-MON-RR'),to_date('07-MAR-15','DD-MON-RR'),null,13);
Insert into SEPE_DEMO.SP_PTL_EMPLOYEE_DISPUTE_REASON (ID,T_EMPLOYEE_DISPUTE,DATE_START,DATE_END,COMMENTS,REASON_ID) values (1198,1121,to_date('02-FEB-15','DD-MON-RR'),to_date('04-FEB-15','DD-MON-RR'),null,10);
Insert into SEPE_DEMO.SP_PTL_EMPLOYEE_DISPUTE_REASON (ID,T_EMPLOYEE_DISPUTE,DATE_START,DATE_END,COMMENTS,REASON_ID) values (1250,1221,to_date('12-NOV-14','DD-MON-RR'),to_date('10-MAR-15','DD-MON-RR'),null,14);
Insert into SEPE_DEMO.SP_PTL_EMPLOYEE_DISPUTE_REASON (ID,T_EMPLOYEE_DISPUTE,DATE_START,DATE_END,COMMENTS,REASON_ID) values (1243,1242,to_date('17-FEB-15','DD-MON-RR'),to_date('10-MAR-15','DD-MON-RR'),null,9);
REM INSERTING into SEPE_DEMO.SP_PTL_EMPLOYEE_EXPERIENCE
SET DEFINE OFF;
Insert into SEPE_DEMO.SP_PTL_EMPLOYEE_EXPERIENCE (ID,USER_ID,SUB_STATUS,REQ_STATUS,PROT_NO,EMP_FIRSTNAME,EMP_LASTNAME,EMP_SPECIALITY_ID,PROT_YEAR,EMP_FROM_DATE,EMP_UNTIL_DATE,EMP_ADDR,EMP_ADDR_TK,EMP_ADDR_P,EMP_ADDR_PE,EMP_ADDR_D,EMP_ADDR_K,EMP_AFM,EMP_AMKA,EMP_CARD_NUMBER,EMP_PHONE,EMP_MOBILE,COMP_NAME,COMP_AFM,COMP_AME_IKA,COMP_PHONE,NOTES,PROT_DATE,EMP_CARD_TYPE,DOC_ID,SUBMIT_TIME,DEPARTMENT,RTSTAK_LEVEL_1,RTSTAK_LEVEL_2,RTSTAK_LEVEL_3,RTSTAK_LEVEL_4,RTSTAK_LEVEL_5,INTENTED_USE,ATTACHED_DOC_ID_EMPL_VER,ATTACHED_DOC_ID_IKA,ATTACHED_DOC_ID_SEPE,ATTACHED_DOC_ID_JUDGMNT) values (1,4,1,null,null,null,null,null,null,null,null,null,null,null,null,null,null,null,null,null,null,null,'ααααααααααααα',null,null,null,null,null,null,null,null,null,null,null,null,null,null,null,null,null,null,null);
Insert into SEPE_DEMO.SP_PTL_EMPLOYEE_EXPERIENCE (ID,USER_ID,SUB_STATUS,REQ_STATUS,PROT_NO,EMP_FIRSTNAME,EMP_LASTNAME,EMP_SPECIALITY_ID,PROT_YEAR,EMP_FROM_DATE,EMP_UNTIL_DATE,EMP_ADDR,EMP_ADDR_TK,EMP_ADDR_P,EMP_ADDR_PE,EMP_ADDR_D,EMP_ADDR_K,EMP_AFM,EMP_AMKA,EMP_CARD_NUMBER,EMP_PHONE,EMP_MOBILE,COMP_NAME,COMP_AFM,COMP_AME_IKA,COMP_PHONE,NOTES,PROT_DATE,EMP_CARD_TYPE,DOC_ID,SUBMIT_TIME,DEPARTMENT,RTSTAK_LEVEL_1,RTSTAK_LEVEL_2,RTSTAK_LEVEL_3,RTSTAK_LEVEL_4,RTSTAK_LEVEL_5,INTENTED_USE,ATTACHED_DOC_ID_EMPL_VER,ATTACHED_DOC_ID_IKA,ATTACHED_DOC_ID_SEPE,ATTACHED_DOC_ID_JUDGMNT) values (1261,4,1,null,null,null,null,null,2015,null,null,null,null,null,null,null,null,null,null,null,null,null,null,null,null,null,null,to_date('13-MAR-15','DD-MON-RR'),null,null,'13:06',null,null,null,null,null,null,null,null,null,null,null);
Insert into SEPE_DEMO.SP_PTL_EMPLOYEE_EXPERIENCE (ID,USER_ID,SUB_STATUS,REQ_STATUS,PROT_NO,EMP_FIRSTNAME,EMP_LASTNAME,EMP_SPECIALITY_ID,PROT_YEAR,EMP_FROM_DATE,EMP_UNTIL_DATE,EMP_ADDR,EMP_ADDR_TK,EMP_ADDR_P,EMP_ADDR_PE,EMP_ADDR_D,EMP_ADDR_K,EMP_AFM,EMP_AMKA,EMP_CARD_NUMBER,EMP_PHONE,EMP_MOBILE,COMP_NAME,COMP_AFM,COMP_AME_IKA,COMP_PHONE,NOTES,PROT_DATE,EMP_CARD_TYPE,DOC_ID,SUBMIT_TIME,DEPARTMENT,RTSTAK_LEVEL_1,RTSTAK_LEVEL_2,RTSTAK_LEVEL_3,RTSTAK_LEVEL_4,RTSTAK_LEVEL_5,INTENTED_USE,ATTACHED_DOC_ID_EMPL_VER,ATTACHED_DOC_ID_IKA,ATTACHED_DOC_ID_SEPE,ATTACHED_DOC_ID_JUDGMNT) values (1262,4,1,null,'0',null,null,null,2015,to_date('03-MAR-15','DD-MON-RR'),to_date('27-MAR-15','DD-MON-RR'),null,null,null,null,null,null,null,null,null,null,null,'asdasdasdasd',null,null,null,null,to_date('13-MAR-15','DD-MON-RR'),null,null,'13:34',null,null,null,null,null,null,1,null,null,null,null);
Insert into SEPE_DEMO.SP_PTL_EMPLOYEE_EXPERIENCE (ID,USER_ID,SUB_STATUS,REQ_STATUS,PROT_NO,EMP_FIRSTNAME,EMP_LASTNAME,EMP_SPECIALITY_ID,PROT_YEAR,EMP_FROM_DATE,EMP_UNTIL_DATE,EMP_ADDR,EMP_ADDR_TK,EMP_ADDR_P,EMP_ADDR_PE,EMP_ADDR_D,EMP_ADDR_K,EMP_AFM,EMP_AMKA,EMP_CARD_NUMBER,EMP_PHONE,EMP_MOBILE,COMP_NAME,COMP_AFM,COMP_AME_IKA,COMP_PHONE,NOTES,PROT_DATE,EMP_CARD_TYPE,DOC_ID,SUBMIT_TIME,DEPARTMENT,RTSTAK_LEVEL_1,RTSTAK_LEVEL_2,RTSTAK_LEVEL_3,RTSTAK_LEVEL_4,RTSTAK_LEVEL_5,INTENTED_USE,ATTACHED_DOC_ID_EMPL_VER,ATTACHED_DOC_ID_IKA,ATTACHED_DOC_ID_SEPE,ATTACHED_DOC_ID_JUDGMNT) values (1263,4,1,null,'0',null,null,null,2015,to_date('03-MAR-15','DD-MON-RR'),to_date('28-MAR-15','DD-MON-RR'),null,null,null,null,null,null,null,null,null,null,null,'ββββββββββ',null,null,null,null,to_date('13-MAR-15','DD-MON-RR'),null,null,'13:35',null,null,null,null,null,null,1,101,102,null,103);
Insert into SEPE_DEMO.SP_PTL_EMPLOYEE_EXPERIENCE (ID,USER_ID,SUB_STATUS,REQ_STATUS,PROT_NO,EMP_FIRSTNAME,EMP_LASTNAME,EMP_SPECIALITY_ID,PROT_YEAR,EMP_FROM_DATE,EMP_UNTIL_DATE,EMP_ADDR,EMP_ADDR_TK,EMP_ADDR_P,EMP_ADDR_PE,EMP_ADDR_D,EMP_ADDR_K,EMP_AFM,EMP_AMKA,EMP_CARD_NUMBER,EMP_PHONE,EMP_MOBILE,COMP_NAME,COMP_AFM,COMP_AME_IKA,COMP_PHONE,NOTES,PROT_DATE,EMP_CARD_TYPE,DOC_ID,SUBMIT_TIME,DEPARTMENT,RTSTAK_LEVEL_1,RTSTAK_LEVEL_2,RTSTAK_LEVEL_3,RTSTAK_LEVEL_4,RTSTAK_LEVEL_5,INTENTED_USE,ATTACHED_DOC_ID_EMPL_VER,ATTACHED_DOC_ID_IKA,ATTACHED_DOC_ID_SEPE,ATTACHED_DOC_ID_JUDGMNT) values (1264,4,1,null,'0',null,null,null,2015,to_date('02-MAR-15','DD-MON-RR'),to_date('21-MAR-15','DD-MON-RR'),null,null,null,null,null,null,null,null,null,null,null,'δγηξξγηξδ','φγηξδγ',null,null,null,to_date('13-MAR-15','DD-MON-RR'),null,null,'13:39',null,null,null,null,null,null,2,null,null,null,null);
Insert into SEPE_DEMO.SP_PTL_EMPLOYEE_EXPERIENCE (ID,USER_ID,SUB_STATUS,REQ_STATUS,PROT_NO,EMP_FIRSTNAME,EMP_LASTNAME,EMP_SPECIALITY_ID,PROT_YEAR,EMP_FROM_DATE,EMP_UNTIL_DATE,EMP_ADDR,EMP_ADDR_TK,EMP_ADDR_P,EMP_ADDR_PE,EMP_ADDR_D,EMP_ADDR_K,EMP_AFM,EMP_AMKA,EMP_CARD_NUMBER,EMP_PHONE,EMP_MOBILE,COMP_NAME,COMP_AFM,COMP_AME_IKA,COMP_PHONE,NOTES,PROT_DATE,EMP_CARD_TYPE,DOC_ID,SUBMIT_TIME,DEPARTMENT,RTSTAK_LEVEL_1,RTSTAK_LEVEL_2,RTSTAK_LEVEL_3,RTSTAK_LEVEL_4,RTSTAK_LEVEL_5,INTENTED_USE,ATTACHED_DOC_ID_EMPL_VER,ATTACHED_DOC_ID_IKA,ATTACHED_DOC_ID_SEPE,ATTACHED_DOC_ID_JUDGMNT) values (1265,4,1,null,'0',null,null,null,2015,to_date('02-MAR-15','DD-MON-RR'),to_date('27-MAR-15','DD-MON-RR'),null,null,null,null,null,null,null,null,null,null,null,'ιοπθξιοιθο','γηκξηκ',null,null,null,to_date('13-MAR-15','DD-MON-RR'),null,null,'13:53',null,null,null,null,null,null,1,null,null,null,null);
REM INSERTING into SEPE_DEMO.SP_PTL_NOTIFICATIONS_ACCOUNT
SET DEFINE OFF;
Insert into SEPE_DEMO.SP_PTL_NOTIFICATIONS_ACCOUNT (ID,DOC_ID,TITLE,MESSAGE,SENDER,PRIORITY,VIEWED,ACCOUNT_ID,DATE_TIME) values (21,1,'TITLOS sadhfkjsd hfg ajksdhfkjhsda fajshdf ajksdhf ξασδκφηακσδφη ','sdafsdf sakjdfh kkjahsdf kjahsdf akjsdfhkajsdhf askjdhfkjhsdfkhask ξηδφσγηδφ κξδφηγακξδφηκγ αδφηγ ακφξδγηκξαηδφγκαηδφγν ακδφηγκ δσκφηκξ','ΣΕΝΞΔΦΦΞΗΞΞΗ ξησδξγηξσ ηκξδησφ γ',2,1,4,to_timestamp('11-MAR-15 01.11.53.000000000 PM','DD-MON-RR HH.MI.SS.FF AM'));
Insert into SEPE_DEMO.SP_PTL_NOTIFICATIONS_ACCOUNT (ID,DOC_ID,TITLE,MESSAGE,SENDER,PRIORITY,VIEWED,ACCOUNT_ID,DATE_TIME) values (22,1,'jkshdjhf κξηδσφγκσ TITLOS sadhfkjsd hfg ajksdhfkjhsda fajshdf ajksdhf ξασδκφηακσδφη δφγσδφγδσφγσδφγ','sdafsdf sakjdfh kkjahsdf kjahsdf akjsdfhkajsdhf askjdhfkjhsdfkhask ξηδφσγηδφ κξδφηγακξδφηκγ αδφηγ ακφξδγηκξαηδφγκαηδφγν ακδφηγκ δσκφηκξ','ΣΕΝΞΔΦΦΞΗΞΞΗ ξησδξγηξσ ηκξδησφ γ',3,1,4,to_timestamp('11-MAR-15 01.11.53.000000000 PM','DD-MON-RR HH.MI.SS.FF AM'));
Insert into SEPE_DEMO.SP_PTL_NOTIFICATIONS_ACCOUNT (ID,DOC_ID,TITLE,MESSAGE,SENDER,PRIORITY,VIEWED,ACCOUNT_ID,DATE_TIME) values (42,1,'Eidopoisi plirwmis','Prepei suntoma na proselthete sto kontinotero tameio','Papadopoulos',2,1,1085,to_timestamp('12-MAR-15 10.23.39.000000000 PM','DD-MON-RR HH.MI.SS.FF AM'));
Insert into SEPE_DEMO.SP_PTL_NOTIFICATIONS_ACCOUNT (ID,DOC_ID,TITLE,MESSAGE,SENDER,PRIORITY,VIEWED,ACCOUNT_ID,DATE_TIME) values (1,1,'TITLE1','MESSAGE1','SENDER1',1,1,4,to_timestamp('10-MAR-15 01.11.53.000000000 PM','DD-MON-RR HH.MI.SS.FF AM'));
Insert into SEPE_DEMO.SP_PTL_NOTIFICATIONS_ACCOUNT (ID,DOC_ID,TITLE,MESSAGE,SENDER,PRIORITY,VIEWED,ACCOUNT_ID,DATE_TIME) values (2,1,'TIT2LE','MESSAG2E','SENDER2',1,1,4,to_timestamp('10-MAR-15 01.11.53.000000000 PM','DD-MON-RR HH.MI.SS.FF AM'));
Insert into SEPE_DEMO.SP_PTL_NOTIFICATIONS_ACCOUNT (ID,DOC_ID,TITLE,MESSAGE,SENDER,PRIORITY,VIEWED,ACCOUNT_ID,DATE_TIME) values (3,1,'TITL3E','MESSAGE3','SENDER3',1,0,11,to_timestamp('10-MAR-15 01.11.53.000000000 PM','DD-MON-RR HH.MI.SS.FF AM'));
REM INSERTING into SEPE_DEMO.SP_PTL_SAFETY_TECHNICIAN
SET DEFINE OFF;
REM INSERTING into SEPE_DEMO.SP_PTL_USER
SET DEFINE OFF;
Insert into SEPE_DEMO.SP_PTL_USER (ID,IS_ADMIN,ROLE,STATUS,USERNAME,PASSWORD,EMAIL,EMAIL_NOTIF_EN,FIRSTNAME,LASTNAME,PHONE,MOBILE,ADDR,ADDR_TK,FAX) values (1061,0,2,1,'nikos','$2a$10$m1lnDI3EJB9MiXq68Hk8a.2T.PHIkSFde3kFPwVDQvGdZpS0V36gu','nikos@ceid.gr',null,'Nikos','Po',null,null,null,null,null);
Insert into SEPE_DEMO.SP_PTL_USER (ID,IS_ADMIN,ROLE,STATUS,USERNAME,PASSWORD,EMAIL,EMAIL_NOTIF_EN,FIRSTNAME,LASTNAME,PHONE,MOBILE,ADDR,ADDR_TK,FAX) values (4,1,1,2,'test','$2a$10$dnrU46nko2wRUUfN8GsLI.QOjHQVKNTAEGJtQPGmc2//kn27.awpW','test',1,'Αννιτα','Αντωνοπουλου','45345','342','Γερακίου 55','23423','123123123');
Insert into SEPE_DEMO.SP_PTL_USER (ID,IS_ADMIN,ROLE,STATUS,USERNAME,PASSWORD,EMAIL,EMAIL_NOTIF_EN,FIRSTNAME,LASTNAME,PHONE,MOBILE,ADDR,ADDR_TK,FAX) values (44,1,1,2,'user','$2a$10$dnrU46nko2wRUUfN8GsLI.QOjHQVKNTAEGJtQPGmc2//kn27.awpW','user',1,'Βαγγελης','Κωστοπουλος','34764','445','Κορίνθου 67','26777','4545');
Insert into SEPE_DEMO.SP_PTL_USER (ID,IS_ADMIN,ROLE,STATUS,USERNAME,PASSWORD,EMAIL,EMAIL_NOTIF_EN,FIRSTNAME,LASTNAME,PHONE,MOBILE,ADDR,ADDR_TK,FAX) values (1085,0,1,1,'annita','$2a$10$oCxFp6/MBruE.BmskUsMFuRM5C5vIIsleI7gbL9qTVB6hS15jPX0y','ann7ita@hotmail.com',null,'annita','Mourtzikou',null,null,null,null,null);
REM INSERTING into SEPE_DEMO.SP_PTL_WORKPLACE_DOCTOR
SET DEFINE OFF;
REM INSERTING into SEPE_DEMO.ZFAKE_T_EMPL_DISPUTE_SUBJECT
SET DEFINE OFF;
REM INSERTING into SEPE_DEMO.ZFAKE___T_DOY
SET DEFINE OFF;
Insert into SEPE_DEMO.ZFAKE___T_DOY (ID,DESCR) values (1101,'Α'' ΑΘΗΝΩΝ');
Insert into SEPE_DEMO.ZFAKE___T_DOY (ID,DESCR) values (1104,'Δ'' ΑΘΗΝΩΝ');
Insert into SEPE_DEMO.ZFAKE___T_DOY (ID,DESCR) values (1106,'ΣΤ'' ΑΘΗΝΩΝ');
Insert into SEPE_DEMO.ZFAKE___T_DOY (ID,DESCR) values (1112,'ΙΒ'' ΑΘΗΝΩΝ');
Insert into SEPE_DEMO.ZFAKE___T_DOY (ID,DESCR) values (1113,'ΙΓ'' ΑΘΗΝΩΝ');
Insert into SEPE_DEMO.ZFAKE___T_DOY (ID,DESCR) values (1114,'ΙΔ'' ΑΘΗΝΩΝ');
Insert into SEPE_DEMO.ZFAKE___T_DOY (ID,DESCR) values (1117,'ΙΖ ΑΘΗΝΩΝ');
Insert into SEPE_DEMO.ZFAKE___T_DOY (ID,DESCR) values (1118,'ΚΕΝΤΡΟ ΕΛΕΓΧΟΥ ΜΕΓΑΛΩΝ ΕΠΙΧΕΙΡΗΣΕΩΝ (Κ.Ε.ΜΕ.ΕΠ)');
Insert into SEPE_DEMO.ZFAKE___T_DOY (ID,DESCR) values (1125,'ΚΑΤΟΙΚΩΝ ΕΞΩΤΕΡΙΚΟΥ');
Insert into SEPE_DEMO.ZFAKE___T_DOY (ID,DESCR) values (1129,'ΑΓΙΟΥ ΔΗΜΗΤΡΙΟΥ');
Insert into SEPE_DEMO.ZFAKE___T_DOY (ID,DESCR) values (1130,'ΚΑΛΛΙΘΕΑΣ');
Insert into SEPE_DEMO.ZFAKE___T_DOY (ID,DESCR) values (1131,'ΝΕΑΣ ΙΩΝΙΑΣ');
Insert into SEPE_DEMO.ZFAKE___T_DOY (ID,DESCR) values (1132,'ΝΕΑΣ ΣΜΥΡΝΗΣ');
Insert into SEPE_DEMO.ZFAKE___T_DOY (ID,DESCR) values (1133,'ΠΑΛΑΙΟΥ ΦΑΛΗΡΟΥ');
Insert into SEPE_DEMO.ZFAKE___T_DOY (ID,DESCR) values (1134,'ΧΑΛΑΝΔΡΙΟΥ');
Insert into SEPE_DEMO.ZFAKE___T_DOY (ID,DESCR) values (1135,'ΑΜΑΡΟΥΣΙΟΥ');
Insert into SEPE_DEMO.ZFAKE___T_DOY (ID,DESCR) values (1136,'ΑΓΙΩΝ ΑΝΑΡΓΥΡΩΝ');
Insert into SEPE_DEMO.ZFAKE___T_DOY (ID,DESCR) values (1137,'ΑΙΓΑΛΕΩ');
Insert into SEPE_DEMO.ZFAKE___T_DOY (ID,DESCR) values (1138,'Α'' ΠΕΡΙΣΤΕΡΙΟΥ');
Insert into SEPE_DEMO.ZFAKE___T_DOY (ID,DESCR) values (1139,'ΓΛΥΦΑΔΑΣ');
Insert into SEPE_DEMO.ZFAKE___T_DOY (ID,DESCR) values (1145,'Ν.ΗΡΑΚΛΕΙΟΥ');
Insert into SEPE_DEMO.ZFAKE___T_DOY (ID,DESCR) values (1151,'ΧΟΛΑΡΓΟΥ');
Insert into SEPE_DEMO.ZFAKE___T_DOY (ID,DESCR) values (1152,'ΒΥΡΩΝΟΣ');
Insert into SEPE_DEMO.ZFAKE___T_DOY (ID,DESCR) values (1153,'ΚΗΦΙΣΙΑΣ');
Insert into SEPE_DEMO.ZFAKE___T_DOY (ID,DESCR) values (1157,'Β'' ΠΕΡΙΣΤΕΡΙΟΥ');
Insert into SEPE_DEMO.ZFAKE___T_DOY (ID,DESCR) values (1159,'Φ.Α.Ε. ΑΘΗΝΩΝ');
Insert into SEPE_DEMO.ZFAKE___T_DOY (ID,DESCR) values (1173,'ΗΛΙΟΥΠΟΛΗΣ');
Insert into SEPE_DEMO.ZFAKE___T_DOY (ID,DESCR) values (1175,'ΨΥΧΙΚΟΥ');
Insert into SEPE_DEMO.ZFAKE___T_DOY (ID,DESCR) values (1179,'ΓΑΛΑΤΣΙΟΥ');
Insert into SEPE_DEMO.ZFAKE___T_DOY (ID,DESCR) values (1201,'Α''ΠΕΙΡΑΙΑ');
Insert into SEPE_DEMO.ZFAKE___T_DOY (ID,DESCR) values (1203,'Γ'' ΠΕΙΡΑΙΑ');
Insert into SEPE_DEMO.ZFAKE___T_DOY (ID,DESCR) values (1204,'Δ'' ΠΕΙΡΑΙΑ');
Insert into SEPE_DEMO.ZFAKE___T_DOY (ID,DESCR) values (1205,'Ε'' ΠΕΙΡΑΙΑ');
Insert into SEPE_DEMO.ZFAKE___T_DOY (ID,DESCR) values (1206,'ΦΑΕ ΠΕΙΡΑΙΑ');
Insert into SEPE_DEMO.ZFAKE___T_DOY (ID,DESCR) values (1207,'ΠΛΟΙΩΝ ΠΕΙΡΑΙΑ');
Insert into SEPE_DEMO.ZFAKE___T_DOY (ID,DESCR) values (1211,'ΜΟΣΧΑΤΟΥ');
Insert into SEPE_DEMO.ZFAKE___T_DOY (ID,DESCR) values (1220,'ΝΙΚΑΙΑΣ');
Insert into SEPE_DEMO.ZFAKE___T_DOY (ID,DESCR) values (1302,'ΑΧΑΡΝΩΝ');
Insert into SEPE_DEMO.ZFAKE___T_DOY (ID,DESCR) values (1303,'ΕΛΕΥΣΙΝΑΣ');
Insert into SEPE_DEMO.ZFAKE___T_DOY (ID,DESCR) values (1304,'ΚΟΡΩΠΙΟΥ');
Insert into SEPE_DEMO.ZFAKE___T_DOY (ID,DESCR) values (1312,'ΠΑΛΛΗΝΗΣ');
Insert into SEPE_DEMO.ZFAKE___T_DOY (ID,DESCR) values (1411,'ΘΗΒΩΝ');
Insert into SEPE_DEMO.ZFAKE___T_DOY (ID,DESCR) values (1421,'ΛΙΒΑΔΕΙΑΣ');
Insert into SEPE_DEMO.ZFAKE___T_DOY (ID,DESCR) values (1531,'ΜΕΣΟΛΟΓΓΙΟΥ');
Insert into SEPE_DEMO.ZFAKE___T_DOY (ID,DESCR) values (1552,'ΑΓΡΙΝΙΟΥ');
Insert into SEPE_DEMO.ZFAKE___T_DOY (ID,DESCR) values (1611,'ΚΑΡΠΕΝΗΣΙΟΥ');
Insert into SEPE_DEMO.ZFAKE___T_DOY (ID,DESCR) values (1722,'ΚΥΜΗΣ');
Insert into SEPE_DEMO.ZFAKE___T_DOY (ID,DESCR) values (1732,'ΧΑΛΚΙΔΑΣ');
Insert into SEPE_DEMO.ZFAKE___T_DOY (ID,DESCR) values (1832,'ΛΑΜΙΑΣ');
Insert into SEPE_DEMO.ZFAKE___T_DOY (ID,DESCR) values (1912,'ΑΜΦΙΣΣΑΣ');
Insert into SEPE_DEMO.ZFAKE___T_DOY (ID,DESCR) values (2111,'ΑΡΓΟΥΣ');
Insert into SEPE_DEMO.ZFAKE___T_DOY (ID,DESCR) values (2131,'ΝΑΥΠΛΙΟΥ');
Insert into SEPE_DEMO.ZFAKE___T_DOY (ID,DESCR) values (2231,'ΤΡΙΠΟΛΗΣ');
Insert into SEPE_DEMO.ZFAKE___T_DOY (ID,DESCR) values (2311,'ΑΙΓΙΟΥ');
Insert into SEPE_DEMO.ZFAKE___T_DOY (ID,DESCR) values (2331,'Α'' ΠΑΤΡΩΝ');
Insert into SEPE_DEMO.ZFAKE___T_DOY (ID,DESCR) values (2334,'Γ'' ΠΑΤΡΩΝ');
Insert into SEPE_DEMO.ZFAKE___T_DOY (ID,DESCR) values (2411,'ΑΜΑΛΙΑΔΑΣ');
Insert into SEPE_DEMO.ZFAKE___T_DOY (ID,DESCR) values (2412,'ΠΥΡΓΟΥ');
Insert into SEPE_DEMO.ZFAKE___T_DOY (ID,DESCR) values (2513,'ΚΟΡΙΝΘΟΥ');
Insert into SEPE_DEMO.ZFAKE___T_DOY (ID,DESCR) values (2632,'ΣΠΑΡΤΗΣ');
Insert into SEPE_DEMO.ZFAKE___T_DOY (ID,DESCR) values (2711,'ΚΑΛΑΜΑΤΑΣ');
Insert into SEPE_DEMO.ZFAKE___T_DOY (ID,DESCR) values (3111,'ΚΑΡΔΙΤΣΑΣ');
Insert into SEPE_DEMO.ZFAKE___T_DOY (ID,DESCR) values (3231,'Α'' ΛΑΡΙΣΑΣ');
Insert into SEPE_DEMO.ZFAKE___T_DOY (ID,DESCR) values (3232,'Β''ΛΑΡΙΣΑΣ');
Insert into SEPE_DEMO.ZFAKE___T_DOY (ID,DESCR) values (3321,'ΒΟΛΟΥ');
Insert into SEPE_DEMO.ZFAKE___T_DOY (ID,DESCR) values (3323,'Ν.ΙΩΝΙΑΣ ΒΟΛΟΥ');
Insert into SEPE_DEMO.ZFAKE___T_DOY (ID,DESCR) values (3412,'ΤΡΙΚΑΛΩΝ');
Insert into SEPE_DEMO.ZFAKE___T_DOY (ID,DESCR) values (4112,'ΒΕΡΟΙΑΣ');
Insert into SEPE_DEMO.ZFAKE___T_DOY (ID,DESCR) values (4211,'Α'' ΘΕΣΣΑΛΟΝΙΚΗΣ');
Insert into SEPE_DEMO.ZFAKE___T_DOY (ID,DESCR) values (4214,'Δ'' ΘΕΣΣΑΛΟΝΙΚΗΣ');
Insert into SEPE_DEMO.ZFAKE___T_DOY (ID,DESCR) values (4215,'Ε'' ΘΕΣΣΑΛΟΝΙΚΗΣ');
Insert into SEPE_DEMO.ZFAKE___T_DOY (ID,DESCR) values (4216,'ΣΤ'' ΘΕΣΣΑΛΟΝΙΚΗΣ');
Insert into SEPE_DEMO.ZFAKE___T_DOY (ID,DESCR) values (4217,'Ζ'' ΘΕΣΣΑΛΟΝΙΚΗΣ');
Insert into SEPE_DEMO.ZFAKE___T_DOY (ID,DESCR) values (4222,'ΛΑΓΚΑΔΑ');
Insert into SEPE_DEMO.ZFAKE___T_DOY (ID,DESCR) values (4224,'ΦΑΕ ΘΕΣΣΑΛΟΝΙΚΗΣ');
Insert into SEPE_DEMO.ZFAKE___T_DOY (ID,DESCR) values (4228,'Η'' ΘΕΣΣΑΛΟΝΙΚΗΣ');
Insert into SEPE_DEMO.ZFAKE___T_DOY (ID,DESCR) values (4232,'ΚΑΛΑΜΑΡΙΑΣ');
Insert into SEPE_DEMO.ZFAKE___T_DOY (ID,DESCR) values (4233,'ΑΜΠΕΛΟΚΗΠΩΝ');
Insert into SEPE_DEMO.ZFAKE___T_DOY (ID,DESCR) values (4234,'ΙΩΝΙΑΣ ΘΕΣΣΑΛΟΝΙΚΗΣ');
Insert into SEPE_DEMO.ZFAKE___T_DOY (ID,DESCR) values (4311,'ΚΑΣΤΟΡΙΑΣ');
Insert into SEPE_DEMO.ZFAKE___T_DOY (ID,DESCR) values (4411,'ΚΙΛΚΙΣ');
Insert into SEPE_DEMO.ZFAKE___T_DOY (ID,DESCR) values (4521,'ΓΡΕΒΕΝΩΝ');
Insert into SEPE_DEMO.ZFAKE___T_DOY (ID,DESCR) values (4531,'ΠΤΟΛΕΜΑΙΔΑΣ');
Insert into SEPE_DEMO.ZFAKE___T_DOY (ID,DESCR) values (4541,'ΚΟΖΑΝΗΣ');
Insert into SEPE_DEMO.ZFAKE___T_DOY (ID,DESCR) values (4621,'ΓΙΑΝΝΙΤΣΩΝ');
Insert into SEPE_DEMO.ZFAKE___T_DOY (ID,DESCR) values (4631,'ΕΔΕΣΣΑΣ');
Insert into SEPE_DEMO.ZFAKE___T_DOY (ID,DESCR) values (4711,'ΚΑΤΕΡΙΝΗΣ');
Insert into SEPE_DEMO.ZFAKE___T_DOY (ID,DESCR) values (4812,'ΦΛΩΡΙΝΑΣ');
Insert into SEPE_DEMO.ZFAKE___T_DOY (ID,DESCR) values (4922,'ΠΟΛΥΓΥΡΟΥ');
Insert into SEPE_DEMO.ZFAKE___T_DOY (ID,DESCR) values (4923,'ΝΕΩΝ ΜΟΥΔΑΝΙΩΝ');
Insert into SEPE_DEMO.ZFAKE___T_DOY (ID,DESCR) values (5111,'ΔΡΑΜΑΣ');
Insert into SEPE_DEMO.ZFAKE___T_DOY (ID,DESCR) values (5211,'ΑΛΕΞΑΝΔΡΟΥΠΟΛΗΣ');
Insert into SEPE_DEMO.ZFAKE___T_DOY (ID,DESCR) values (5231,'ΟΡΕΣΤΙΑΔΑΣ');
Insert into SEPE_DEMO.ZFAKE___T_DOY (ID,DESCR) values (5321,'ΚΑΒΑΛΑΣ');
Insert into SEPE_DEMO.ZFAKE___T_DOY (ID,DESCR) values (5411,'ΞΑΝΘΗΣ');
Insert into SEPE_DEMO.ZFAKE___T_DOY (ID,DESCR) values (5511,'ΚΟΜΟΤΗΝΗΣ');
Insert into SEPE_DEMO.ZFAKE___T_DOY (ID,DESCR) values (5621,'ΣΕΡΡΩΝ');
Insert into SEPE_DEMO.ZFAKE___T_DOY (ID,DESCR) values (6111,'ΑΡΤΑΣ');
Insert into SEPE_DEMO.ZFAKE___T_DOY (ID,DESCR) values (6211,'ΗΓΟΥΜΕΝΙΤΣΑΣ');
Insert into SEPE_DEMO.ZFAKE___T_DOY (ID,DESCR) values (6311,'ΙΩΑΝΝΙΝΩΝ');
Insert into SEPE_DEMO.ZFAKE___T_DOY (ID,DESCR) values (6411,'ΠΡΕΒΕΖΑΣ');
Insert into SEPE_DEMO.ZFAKE___T_DOY (ID,DESCR) values (7121,'ΘΗΡΑΣ');
Insert into SEPE_DEMO.ZFAKE___T_DOY (ID,DESCR) values (7151,'ΝΑΞΟΥ');
Insert into SEPE_DEMO.ZFAKE___T_DOY (ID,DESCR) values (7161,'ΠΑΡΟΥ');
Insert into SEPE_DEMO.ZFAKE___T_DOY (ID,DESCR) values (7171,'ΣΥΡΟΥ');
Insert into SEPE_DEMO.ZFAKE___T_DOY (ID,DESCR) values (7172,'ΜΥΚΟΝΟΥ');
Insert into SEPE_DEMO.ZFAKE___T_DOY (ID,DESCR) values (7231,'ΜΥΤΙΛΗΝΗΣ');
Insert into SEPE_DEMO.ZFAKE___T_DOY (ID,DESCR) values (7322,'ΣΑΜΟΥ');
Insert into SEPE_DEMO.ZFAKE___T_DOY (ID,DESCR) values (7411,'ΧΙΟΥ');
Insert into SEPE_DEMO.ZFAKE___T_DOY (ID,DESCR) values (7531,'ΚΩ');
Insert into SEPE_DEMO.ZFAKE___T_DOY (ID,DESCR) values (7542,'ΡΟΔΟΥ');
Insert into SEPE_DEMO.ZFAKE___T_DOY (ID,DESCR) values (8110,'ΗΡΑΚΛΕΙΟΥ');
Insert into SEPE_DEMO.ZFAKE___T_DOY (ID,DESCR) values (8221,'ΑΓΙΟΥ ΝΙΚΟΛΑΟΥ');
Insert into SEPE_DEMO.ZFAKE___T_DOY (ID,DESCR) values (8341,'ΡΕΘΥΜΝΟΥ');
Insert into SEPE_DEMO.ZFAKE___T_DOY (ID,DESCR) values (8431,'ΧΑΝΙΩΝ');
Insert into SEPE_DEMO.ZFAKE___T_DOY (ID,DESCR) values (9111,'ΖΑΚΥΝΘΟΥ');
Insert into SEPE_DEMO.ZFAKE___T_DOY (ID,DESCR) values (9211,'ΚΕΡΚΥΡΑΣ');
Insert into SEPE_DEMO.ZFAKE___T_DOY (ID,DESCR) values (9311,'ΑΡΓΟΣΤΟΛΙΟΥ');
Insert into SEPE_DEMO.ZFAKE___T_DOY (ID,DESCR) values (9421,'ΛΕΥΚΑΔΑΣ');
REM INSERTING into SEPE_DEMO.ZFAKE___T_EMPLOYER_BRANCH_IKA
SET DEFINE OFF;
REM INSERTING into SEPE_DEMO.ZFAKE___T_EMPL_COMPL_MATTER
SET DEFINE OFF;
Insert into SEPE_DEMO.ZFAKE___T_EMPL_COMPL_MATTER (ID,DESCR) values (1,'Θέματα Ίσης Μεταχείρισης ');
Insert into SEPE_DEMO.ZFAKE___T_EMPL_COMPL_MATTER (ID,DESCR) values (2,'Θέματα Σεξουαλικής Παρενόχλησης ');
Insert into SEPE_DEMO.ZFAKE___T_EMPL_COMPL_MATTER (ID,DESCR) values (3,'Θέματα ΑΜΕΑ ');
REM INSERTING into SEPE_DEMO.ZFAKE___T_KAL_D
SET DEFINE OFF;
REM INSERTING into SEPE_DEMO.ZFAKE___T_KAL_K
SET DEFINE OFF;
REM INSERTING into SEPE_DEMO.ZFAKE___T_KAL_P
SET DEFINE OFF;
REM INSERTING into SEPE_DEMO.ZFAKE___T_KAL_PE
SET DEFINE OFF;
--------------------------------------------------------
--  DDL for Index T_CREATENOTIFICATION_ROLE_PK
--------------------------------------------------------

  CREATE UNIQUE INDEX "SEPE_DEMO"."T_CREATENOTIFICATION_ROLE_PK" ON "SEPE_DEMO"."SP_PTL_CREATENOTIFICATION_ROLE" ("ID") 
  PCTFREE 10 INITRANS 2 MAXTRANS 255 COMPUTE STATISTICS 
  STORAGE(INITIAL 65536 NEXT 1048576 MINEXTENTS 1 MAXEXTENTS 2147483645
  PCTINCREASE 0 FREELISTS 1 FREELIST GROUPS 1
  BUFFER_POOL DEFAULT FLASH_CACHE DEFAULT CELL_FLASH_CACHE DEFAULT)
  TABLESPACE "SEPE" ;
--------------------------------------------------------
--  DDL for Index T_NOTIFICATIONS_ACCOUNT_PK
--------------------------------------------------------

  CREATE UNIQUE INDEX "SEPE_DEMO"."T_NOTIFICATIONS_ACCOUNT_PK" ON "SEPE_DEMO"."SP_PTL_NOTIFICATIONS_ACCOUNT" ("ID") 
  PCTFREE 10 INITRANS 2 MAXTRANS 255 COMPUTE STATISTICS 
  STORAGE(INITIAL 65536 NEXT 1048576 MINEXTENTS 1 MAXEXTENTS 2147483645
  PCTINCREASE 0 FREELISTS 1 FREELIST GROUPS 1
  BUFFER_POOL DEFAULT FLASH_CACHE DEFAULT CELL_FLASH_CACHE DEFAULT)
  TABLESPACE "SEPE" ;
--------------------------------------------------------
--  DDL for Index DOCUMENT_INDEX_PK
--------------------------------------------------------

  CREATE UNIQUE INDEX "SEPE_DEMO"."DOCUMENT_INDEX_PK" ON "SEPE_DEMO"."SP_PTL_DOCUMENT_INDEX" ("USERID", "DOCUMENTID") 
  PCTFREE 10 INITRANS 2 MAXTRANS 255 COMPUTE STATISTICS 
  STORAGE(INITIAL 65536 NEXT 1048576 MINEXTENTS 1 MAXEXTENTS 2147483645
  PCTINCREASE 0 FREELISTS 1 FREELIST GROUPS 1
  BUFFER_POOL DEFAULT FLASH_CACHE DEFAULT CELL_FLASH_CACHE DEFAULT)
  TABLESPACE "SEPE" ;
--------------------------------------------------------
--  DDL for Index T_EMPLOYEE_DISPUTE_SUBJEC_PK
--------------------------------------------------------

  CREATE UNIQUE INDEX "SEPE_DEMO"."T_EMPLOYEE_DISPUTE_SUBJEC_PK" ON "SEPE_DEMO"."ZFAKE_T_EMPL_DISPUTE_SUBJECT" ("SP_RLS_DETAIL_CODE") 
  PCTFREE 10 INITRANS 2 MAXTRANS 255 COMPUTE STATISTICS 
  STORAGE(INITIAL 65536 NEXT 1048576 MINEXTENTS 1 MAXEXTENTS 2147483645
  PCTINCREASE 0 FREELISTS 1 FREELIST GROUPS 1
  BUFFER_POOL DEFAULT FLASH_CACHE DEFAULT CELL_FLASH_CACHE DEFAULT)
  TABLESPACE "SEPE" ;
--------------------------------------------------------
--  DDL for Index T_DISPUTE_PK
--------------------------------------------------------

  CREATE UNIQUE INDEX "SEPE_DEMO"."T_DISPUTE_PK" ON "SEPE_DEMO"."SP_PTL_EMPLOYEE_DISPUTE_REASON" ("ID") 
  PCTFREE 10 INITRANS 2 MAXTRANS 255 COMPUTE STATISTICS 
  STORAGE(INITIAL 65536 NEXT 1048576 MINEXTENTS 1 MAXEXTENTS 2147483645
  PCTINCREASE 0 FREELISTS 1 FREELIST GROUPS 1
  BUFFER_POOL DEFAULT FLASH_CACHE DEFAULT CELL_FLASH_CACHE DEFAULT)
  TABLESPACE "SEPE" ;
--------------------------------------------------------
--  DDL for Index T_DOY_PK
--------------------------------------------------------

  CREATE UNIQUE INDEX "SEPE_DEMO"."T_DOY_PK" ON "SEPE_DEMO"."ZFAKE___T_DOY" ("ID") 
  PCTFREE 10 INITRANS 2 MAXTRANS 255 COMPUTE STATISTICS 
  STORAGE(INITIAL 65536 NEXT 1048576 MINEXTENTS 1 MAXEXTENTS 2147483645
  PCTINCREASE 0 FREELISTS 1 FREELIST GROUPS 1
  BUFFER_POOL DEFAULT FLASH_CACHE DEFAULT CELL_FLASH_CACHE DEFAULT)
  TABLESPACE "SEPE" ;
--------------------------------------------------------
--  DDL for Index T_EMPLOYEE_DISPUTE_PK
--------------------------------------------------------

  CREATE UNIQUE INDEX "SEPE_DEMO"."T_EMPLOYEE_DISPUTE_PK" ON "SEPE_DEMO"."SP_PTL_EMPLOYEE_DISPUTE" ("ID") 
  PCTFREE 10 INITRANS 2 MAXTRANS 255 COMPUTE STATISTICS 
  STORAGE(INITIAL 65536 NEXT 1048576 MINEXTENTS 1 MAXEXTENTS 2147483645
  PCTINCREASE 0 FREELISTS 1 FREELIST GROUPS 1
  BUFFER_POOL DEFAULT FLASH_CACHE DEFAULT CELL_FLASH_CACHE DEFAULT)
  TABLESPACE "SEPE" ;
--------------------------------------------------------
--  DDL for Index T_EMPLOYEE_COMPLAINT_NEW_PK
--------------------------------------------------------

  CREATE UNIQUE INDEX "SEPE_DEMO"."T_EMPLOYEE_COMPLAINT_NEW_PK" ON "SEPE_DEMO"."SP_PTL_EMPLOYEE_COMPLAINT" ("ID") 
  PCTFREE 10 INITRANS 2 MAXTRANS 255 COMPUTE STATISTICS 
  STORAGE(INITIAL 65536 NEXT 1048576 MINEXTENTS 1 MAXEXTENTS 2147483645
  PCTINCREASE 0 FREELISTS 1 FREELIST GROUPS 1
  BUFFER_POOL DEFAULT FLASH_CACHE DEFAULT CELL_FLASH_CACHE DEFAULT)
  TABLESPACE "SEPE" ;
--------------------------------------------------------
--  DDL for Index T_USER_UK1
--------------------------------------------------------

  CREATE UNIQUE INDEX "SEPE_DEMO"."T_USER_UK1" ON "SEPE_DEMO"."SP_PTL_USER" ("EMAIL") 
  PCTFREE 10 INITRANS 2 MAXTRANS 255 COMPUTE STATISTICS 
  STORAGE(INITIAL 65536 NEXT 1048576 MINEXTENTS 1 MAXEXTENTS 2147483645
  PCTINCREASE 0 FREELISTS 1 FREELIST GROUPS 1
  BUFFER_POOL DEFAULT FLASH_CACHE DEFAULT CELL_FLASH_CACHE DEFAULT)
  TABLESPACE "SEPE" ;
--------------------------------------------------------
--  DDL for Index T_CITIZEN_PK
--------------------------------------------------------

  CREATE UNIQUE INDEX "SEPE_DEMO"."T_CITIZEN_PK" ON "SEPE_DEMO"."SP_PTL_CITIZEN" ("ID") 
  PCTFREE 10 INITRANS 2 MAXTRANS 255 COMPUTE STATISTICS 
  STORAGE(INITIAL 65536 NEXT 1048576 MINEXTENTS 1 MAXEXTENTS 2147483645
  PCTINCREASE 0 FREELISTS 1 FREELIST GROUPS 1
  BUFFER_POOL DEFAULT FLASH_CACHE DEFAULT CELL_FLASH_CACHE DEFAULT)
  TABLESPACE "SEPE" ;
--------------------------------------------------------
--  DDL for Index T_COMPANY_USER_PRIVILAGES_PK
--------------------------------------------------------

  CREATE UNIQUE INDEX "SEPE_DEMO"."T_COMPANY_USER_PRIVILAGES_PK" ON "SEPE_DEMO"."SP_PTL_COMPANY_USER_PRIVILAGES" ("ID") 
  PCTFREE 10 INITRANS 2 MAXTRANS 255 COMPUTE STATISTICS 
  STORAGE(INITIAL 65536 NEXT 1048576 MINEXTENTS 1 MAXEXTENTS 2147483645
  PCTINCREASE 0 FREELISTS 1 FREELIST GROUPS 1
  BUFFER_POOL DEFAULT FLASH_CACHE DEFAULT CELL_FLASH_CACHE DEFAULT)
  TABLESPACE "SEPE" ;
--------------------------------------------------------
--  DDL for Index T_EMPLOYEE_PK
--------------------------------------------------------

  CREATE UNIQUE INDEX "SEPE_DEMO"."T_EMPLOYEE_PK" ON "SEPE_DEMO"."SP_PTL_EMPLOYEE" ("ID") 
  PCTFREE 10 INITRANS 2 MAXTRANS 255 COMPUTE STATISTICS 
  STORAGE(INITIAL 65536 NEXT 1048576 MINEXTENTS 1 MAXEXTENTS 2147483645
  PCTINCREASE 0 FREELISTS 1 FREELIST GROUPS 1
  BUFFER_POOL DEFAULT FLASH_CACHE DEFAULT CELL_FLASH_CACHE DEFAULT)
  TABLESPACE "SEPE" ;
--------------------------------------------------------
--  DDL for Index T_ASSOCIATION_PK
--------------------------------------------------------

  CREATE UNIQUE INDEX "SEPE_DEMO"."T_ASSOCIATION_PK" ON "SEPE_DEMO"."SP_PTL_ASSOCIATION" ("ID") 
  PCTFREE 10 INITRANS 2 MAXTRANS 255 COMPUTE STATISTICS 
  STORAGE(INITIAL 65536 NEXT 1048576 MINEXTENTS 1 MAXEXTENTS 2147483645
  PCTINCREASE 0 FREELISTS 1 FREELIST GROUPS 1
  BUFFER_POOL DEFAULT FLASH_CACHE DEFAULT CELL_FLASH_CACHE DEFAULT)
  TABLESPACE "SEPE" ;
--------------------------------------------------------
--  DDL for Index T_BRANCH_PK
--------------------------------------------------------

  CREATE UNIQUE INDEX "SEPE_DEMO"."T_BRANCH_PK" ON "SEPE_DEMO"."SP_PTL_BRANCH" ("ID") 
  PCTFREE 10 INITRANS 2 MAXTRANS 255 COMPUTE STATISTICS 
  STORAGE(INITIAL 65536 NEXT 1048576 MINEXTENTS 1 MAXEXTENTS 2147483645
  PCTINCREASE 0 FREELISTS 1 FREELIST GROUPS 1
  BUFFER_POOL DEFAULT FLASH_CACHE DEFAULT CELL_FLASH_CACHE DEFAULT)
  TABLESPACE "SEPE" ;
--------------------------------------------------------
--  DDL for Index T_WORKPLACE_DOCTOR_PK
--------------------------------------------------------

  CREATE UNIQUE INDEX "SEPE_DEMO"."T_WORKPLACE_DOCTOR_PK" ON "SEPE_DEMO"."SP_PTL_WORKPLACE_DOCTOR" ("ID") 
  PCTFREE 10 INITRANS 2 MAXTRANS 255 COMPUTE STATISTICS 
  STORAGE(INITIAL 65536 NEXT 1048576 MINEXTENTS 1 MAXEXTENTS 2147483645
  PCTINCREASE 0 FREELISTS 1 FREELIST GROUPS 1
  BUFFER_POOL DEFAULT FLASH_CACHE DEFAULT CELL_FLASH_CACHE DEFAULT)
  TABLESPACE "SEPE" ;
--------------------------------------------------------
--  DDL for Index T_USER_PK
--------------------------------------------------------

  CREATE UNIQUE INDEX "SEPE_DEMO"."T_USER_PK" ON "SEPE_DEMO"."SP_PTL_USER" ("ID") 
  PCTFREE 10 INITRANS 2 MAXTRANS 255 COMPUTE STATISTICS 
  STORAGE(INITIAL 65536 NEXT 1048576 MINEXTENTS 1 MAXEXTENTS 2147483645
  PCTINCREASE 0 FREELISTS 1 FREELIST GROUPS 1
  BUFFER_POOL DEFAULT FLASH_CACHE DEFAULT CELL_FLASH_CACHE DEFAULT)
  TABLESPACE "SEPE" ;
--------------------------------------------------------
--  DDL for Index T_SAFETY_TECHNICIAN_PK
--------------------------------------------------------

  CREATE UNIQUE INDEX "SEPE_DEMO"."T_SAFETY_TECHNICIAN_PK" ON "SEPE_DEMO"."SP_PTL_SAFETY_TECHNICIAN" ("ID") 
  PCTFREE 10 INITRANS 2 MAXTRANS 255 COMPUTE STATISTICS 
  STORAGE(INITIAL 65536 NEXT 1048576 MINEXTENTS 1 MAXEXTENTS 2147483645
  PCTINCREASE 0 FREELISTS 1 FREELIST GROUPS 1
  BUFFER_POOL DEFAULT FLASH_CACHE DEFAULT CELL_FLASH_CACHE DEFAULT)
  TABLESPACE "SEPE" ;
--------------------------------------------------------
--  DDL for Index T_COMPANY_USER_PK
--------------------------------------------------------

  CREATE UNIQUE INDEX "SEPE_DEMO"."T_COMPANY_USER_PK" ON "SEPE_DEMO"."SP_PTL_COMPANY_USER" ("ID") 
  PCTFREE 10 INITRANS 2 MAXTRANS 255 COMPUTE STATISTICS 
  STORAGE(INITIAL 65536 NEXT 1048576 MINEXTENTS 1 MAXEXTENTS 2147483645
  PCTINCREASE 0 FREELISTS 1 FREELIST GROUPS 1
  BUFFER_POOL DEFAULT FLASH_CACHE DEFAULT CELL_FLASH_CACHE DEFAULT)
  TABLESPACE "SEPE" ;
--------------------------------------------------------
--  DDL for Index T_EMP_COMPL_MATTER_PK
--------------------------------------------------------

  CREATE UNIQUE INDEX "SEPE_DEMO"."T_EMP_COMPL_MATTER_PK" ON "SEPE_DEMO"."ZFAKE___T_EMPL_COMPL_MATTER" ("ID") 
  PCTFREE 10 INITRANS 2 MAXTRANS 255 COMPUTE STATISTICS 
  STORAGE(INITIAL 65536 NEXT 1048576 MINEXTENTS 1 MAXEXTENTS 2147483645
  PCTINCREASE 0 FREELISTS 1 FREELIST GROUPS 1
  BUFFER_POOL DEFAULT FLASH_CACHE DEFAULT CELL_FLASH_CACHE DEFAULT)
  TABLESPACE "SEPE" ;
--------------------------------------------------------
--  DDL for Index T_COMPANY_PK
--------------------------------------------------------

  CREATE UNIQUE INDEX "SEPE_DEMO"."T_COMPANY_PK" ON "SEPE_DEMO"."SP_PTL_COMPANY" ("ID") 
  PCTFREE 10 INITRANS 2 MAXTRANS 255 COMPUTE STATISTICS 
  STORAGE(INITIAL 65536 NEXT 1048576 MINEXTENTS 1 MAXEXTENTS 2147483645
  PCTINCREASE 0 FREELISTS 1 FREELIST GROUPS 1
  BUFFER_POOL DEFAULT FLASH_CACHE DEFAULT CELL_FLASH_CACHE DEFAULT)
  TABLESPACE "SEPE" ;
--------------------------------------------------------
--  Constraints for Table SP_PTL_EMPLOYEE_DISPUTE_REASON
--------------------------------------------------------

  ALTER TABLE "SEPE_DEMO"."SP_PTL_EMPLOYEE_DISPUTE_REASON" ADD CONSTRAINT "T_DISPUTE_PK" PRIMARY KEY ("ID")
  USING INDEX PCTFREE 10 INITRANS 2 MAXTRANS 255 COMPUTE STATISTICS 
  STORAGE(INITIAL 65536 NEXT 1048576 MINEXTENTS 1 MAXEXTENTS 2147483645
  PCTINCREASE 0 FREELISTS 1 FREELIST GROUPS 1
  BUFFER_POOL DEFAULT FLASH_CACHE DEFAULT CELL_FLASH_CACHE DEFAULT)
  TABLESPACE "SEPE"  ENABLE;
  ALTER TABLE "SEPE_DEMO"."SP_PTL_EMPLOYEE_DISPUTE_REASON" MODIFY ("ID" NOT NULL ENABLE);
--------------------------------------------------------
--  Constraints for Table SP_PTL_EMPLOYEE
--------------------------------------------------------

  ALTER TABLE "SEPE_DEMO"."SP_PTL_EMPLOYEE" ADD CONSTRAINT "T_EMPLOYEE_PK" PRIMARY KEY ("ID")
  USING INDEX PCTFREE 10 INITRANS 2 MAXTRANS 255 COMPUTE STATISTICS 
  STORAGE(INITIAL 65536 NEXT 1048576 MINEXTENTS 1 MAXEXTENTS 2147483645
  PCTINCREASE 0 FREELISTS 1 FREELIST GROUPS 1
  BUFFER_POOL DEFAULT FLASH_CACHE DEFAULT CELL_FLASH_CACHE DEFAULT)
  TABLESPACE "SEPE"  ENABLE;
  ALTER TABLE "SEPE_DEMO"."SP_PTL_EMPLOYEE" MODIFY ("ID" NOT NULL ENABLE);
--------------------------------------------------------
--  Constraints for Table SP_PTL_COMPANY_USER_PRIVILAGES
--------------------------------------------------------

  ALTER TABLE "SEPE_DEMO"."SP_PTL_COMPANY_USER_PRIVILAGES" ADD CONSTRAINT "T_COMPANY_USER_PRIVILAGES_PK" PRIMARY KEY ("ID")
  USING INDEX PCTFREE 10 INITRANS 2 MAXTRANS 255 COMPUTE STATISTICS 
  STORAGE(INITIAL 65536 NEXT 1048576 MINEXTENTS 1 MAXEXTENTS 2147483645
  PCTINCREASE 0 FREELISTS 1 FREELIST GROUPS 1
  BUFFER_POOL DEFAULT FLASH_CACHE DEFAULT CELL_FLASH_CACHE DEFAULT)
  TABLESPACE "SEPE"  ENABLE;
  ALTER TABLE "SEPE_DEMO"."SP_PTL_COMPANY_USER_PRIVILAGES" MODIFY ("ID" NOT NULL ENABLE);
--------------------------------------------------------
--  Constraints for Table ZFAKE___T_DOY
--------------------------------------------------------

  ALTER TABLE "SEPE_DEMO"."ZFAKE___T_DOY" ADD CONSTRAINT "T_DOY_PK" PRIMARY KEY ("ID")
  USING INDEX PCTFREE 10 INITRANS 2 MAXTRANS 255 COMPUTE STATISTICS 
  STORAGE(INITIAL 65536 NEXT 1048576 MINEXTENTS 1 MAXEXTENTS 2147483645
  PCTINCREASE 0 FREELISTS 1 FREELIST GROUPS 1
  BUFFER_POOL DEFAULT FLASH_CACHE DEFAULT CELL_FLASH_CACHE DEFAULT)
  TABLESPACE "SEPE"  ENABLE;
  ALTER TABLE "SEPE_DEMO"."ZFAKE___T_DOY" MODIFY ("ID" NOT NULL ENABLE);
--------------------------------------------------------
--  Constraints for Table SP_PTL_COMPANY_USER
--------------------------------------------------------

  ALTER TABLE "SEPE_DEMO"."SP_PTL_COMPANY_USER" ADD CONSTRAINT "T_COMPANY_USER_PK" PRIMARY KEY ("ID")
  USING INDEX PCTFREE 10 INITRANS 2 MAXTRANS 255 COMPUTE STATISTICS 
  STORAGE(INITIAL 65536 NEXT 1048576 MINEXTENTS 1 MAXEXTENTS 2147483645
  PCTINCREASE 0 FREELISTS 1 FREELIST GROUPS 1
  BUFFER_POOL DEFAULT FLASH_CACHE DEFAULT CELL_FLASH_CACHE DEFAULT)
  TABLESPACE "SEPE"  ENABLE;
  ALTER TABLE "SEPE_DEMO"."SP_PTL_COMPANY_USER" MODIFY ("ID" NOT NULL ENABLE);
--------------------------------------------------------
--  Constraints for Table SP_PTL_EMPLOYEE_EXPERIENCE
--------------------------------------------------------

  ALTER TABLE "SEPE_DEMO"."SP_PTL_EMPLOYEE_EXPERIENCE" MODIFY ("ID" NOT NULL ENABLE);
--------------------------------------------------------
--  Constraints for Table SP_PTL_NOTIFICATIONS_ACCOUNT
--------------------------------------------------------

  ALTER TABLE "SEPE_DEMO"."SP_PTL_NOTIFICATIONS_ACCOUNT" MODIFY ("DATE_TIME" NOT NULL ENABLE);
  ALTER TABLE "SEPE_DEMO"."SP_PTL_NOTIFICATIONS_ACCOUNT" ADD CONSTRAINT "T_NOTIFICATIONS_ACCOUNT_PK" PRIMARY KEY ("ID")
  USING INDEX PCTFREE 10 INITRANS 2 MAXTRANS 255 COMPUTE STATISTICS 
  STORAGE(INITIAL 65536 NEXT 1048576 MINEXTENTS 1 MAXEXTENTS 2147483645
  PCTINCREASE 0 FREELISTS 1 FREELIST GROUPS 1
  BUFFER_POOL DEFAULT FLASH_CACHE DEFAULT CELL_FLASH_CACHE DEFAULT)
  TABLESPACE "SEPE"  ENABLE;
  ALTER TABLE "SEPE_DEMO"."SP_PTL_NOTIFICATIONS_ACCOUNT" MODIFY ("VIEWED" NOT NULL ENABLE);
  ALTER TABLE "SEPE_DEMO"."SP_PTL_NOTIFICATIONS_ACCOUNT" MODIFY ("PRIORITY" NOT NULL ENABLE);
  ALTER TABLE "SEPE_DEMO"."SP_PTL_NOTIFICATIONS_ACCOUNT" MODIFY ("MESSAGE" NOT NULL ENABLE);
  ALTER TABLE "SEPE_DEMO"."SP_PTL_NOTIFICATIONS_ACCOUNT" MODIFY ("TITLE" NOT NULL ENABLE);
  ALTER TABLE "SEPE_DEMO"."SP_PTL_NOTIFICATIONS_ACCOUNT" MODIFY ("DOC_ID" NOT NULL ENABLE);
  ALTER TABLE "SEPE_DEMO"."SP_PTL_NOTIFICATIONS_ACCOUNT" MODIFY ("ID" NOT NULL ENABLE);
--------------------------------------------------------
--  Constraints for Table LOGGING
--------------------------------------------------------

  ALTER TABLE "SEPE_DEMO"."LOGGING" MODIFY ("MESSAGE" NOT NULL ENABLE);
  ALTER TABLE "SEPE_DEMO"."LOGGING" MODIFY ("TIME" NOT NULL ENABLE);
--------------------------------------------------------
--  Constraints for Table SP_PTL_CREATENOTIFICATION_ROLE
--------------------------------------------------------

  ALTER TABLE "SEPE_DEMO"."SP_PTL_CREATENOTIFICATION_ROLE" ADD CONSTRAINT "T_CREATENOTIFICATION_ROLE_PK" PRIMARY KEY ("ID")
  USING INDEX PCTFREE 10 INITRANS 2 MAXTRANS 255 COMPUTE STATISTICS 
  STORAGE(INITIAL 65536 NEXT 1048576 MINEXTENTS 1 MAXEXTENTS 2147483645
  PCTINCREASE 0 FREELISTS 1 FREELIST GROUPS 1
  BUFFER_POOL DEFAULT FLASH_CACHE DEFAULT CELL_FLASH_CACHE DEFAULT)
  TABLESPACE "SEPE"  ENABLE;
  ALTER TABLE "SEPE_DEMO"."SP_PTL_CREATENOTIFICATION_ROLE" MODIFY ("PRIORITY" NOT NULL ENABLE);
  ALTER TABLE "SEPE_DEMO"."SP_PTL_CREATENOTIFICATION_ROLE" MODIFY ("SENDER" NOT NULL ENABLE);
  ALTER TABLE "SEPE_DEMO"."SP_PTL_CREATENOTIFICATION_ROLE" MODIFY ("MESSAGE" NOT NULL ENABLE);
  ALTER TABLE "SEPE_DEMO"."SP_PTL_CREATENOTIFICATION_ROLE" MODIFY ("TITLE" NOT NULL ENABLE);
  ALTER TABLE "SEPE_DEMO"."SP_PTL_CREATENOTIFICATION_ROLE" MODIFY ("DOC_ID" NOT NULL ENABLE);
  ALTER TABLE "SEPE_DEMO"."SP_PTL_CREATENOTIFICATION_ROLE" MODIFY ("USER_ID" NOT NULL ENABLE);
  ALTER TABLE "SEPE_DEMO"."SP_PTL_CREATENOTIFICATION_ROLE" MODIFY ("ROLE_ID" NOT NULL ENABLE);
  ALTER TABLE "SEPE_DEMO"."SP_PTL_CREATENOTIFICATION_ROLE" MODIFY ("ID" NOT NULL ENABLE);
--------------------------------------------------------
--  Constraints for Table SP_PTL_BRANCH
--------------------------------------------------------

  ALTER TABLE "SEPE_DEMO"."SP_PTL_BRANCH" ADD CONSTRAINT "T_BRANCH_PK" PRIMARY KEY ("ID")
  USING INDEX PCTFREE 10 INITRANS 2 MAXTRANS 255 COMPUTE STATISTICS 
  STORAGE(INITIAL 65536 NEXT 1048576 MINEXTENTS 1 MAXEXTENTS 2147483645
  PCTINCREASE 0 FREELISTS 1 FREELIST GROUPS 1
  BUFFER_POOL DEFAULT FLASH_CACHE DEFAULT CELL_FLASH_CACHE DEFAULT)
  TABLESPACE "SEPE"  ENABLE;
  ALTER TABLE "SEPE_DEMO"."SP_PTL_BRANCH" MODIFY ("ID" NOT NULL ENABLE);
--------------------------------------------------------
--  Constraints for Table SP_PTL_COMPANY
--------------------------------------------------------

  ALTER TABLE "SEPE_DEMO"."SP_PTL_COMPANY" ADD CONSTRAINT "T_COMPANY_PK" PRIMARY KEY ("ID")
  USING INDEX PCTFREE 10 INITRANS 2 MAXTRANS 255 COMPUTE STATISTICS 
  STORAGE(INITIAL 65536 NEXT 1048576 MINEXTENTS 1 MAXEXTENTS 2147483645
  PCTINCREASE 0 FREELISTS 1 FREELIST GROUPS 1
  BUFFER_POOL DEFAULT FLASH_CACHE DEFAULT CELL_FLASH_CACHE DEFAULT)
  TABLESPACE "SEPE"  ENABLE;
  ALTER TABLE "SEPE_DEMO"."SP_PTL_COMPANY" MODIFY ("ID" NOT NULL ENABLE);
--------------------------------------------------------
--  Constraints for Table SP_PTL_WORKPLACE_DOCTOR
--------------------------------------------------------

  ALTER TABLE "SEPE_DEMO"."SP_PTL_WORKPLACE_DOCTOR" ADD CONSTRAINT "T_WORKPLACE_DOCTOR_PK" PRIMARY KEY ("ID")
  USING INDEX PCTFREE 10 INITRANS 2 MAXTRANS 255 COMPUTE STATISTICS 
  STORAGE(INITIAL 65536 NEXT 1048576 MINEXTENTS 1 MAXEXTENTS 2147483645
  PCTINCREASE 0 FREELISTS 1 FREELIST GROUPS 1
  BUFFER_POOL DEFAULT FLASH_CACHE DEFAULT CELL_FLASH_CACHE DEFAULT)
  TABLESPACE "SEPE"  ENABLE;
  ALTER TABLE "SEPE_DEMO"."SP_PTL_WORKPLACE_DOCTOR" MODIFY ("ID" NOT NULL ENABLE);
--------------------------------------------------------
--  Constraints for Table SP_PTL_ASSOCIATION
--------------------------------------------------------

  ALTER TABLE "SEPE_DEMO"."SP_PTL_ASSOCIATION" ADD CONSTRAINT "T_ASSOCIATION_PK" PRIMARY KEY ("ID")
  USING INDEX PCTFREE 10 INITRANS 2 MAXTRANS 255 COMPUTE STATISTICS 
  STORAGE(INITIAL 65536 NEXT 1048576 MINEXTENTS 1 MAXEXTENTS 2147483645
  PCTINCREASE 0 FREELISTS 1 FREELIST GROUPS 1
  BUFFER_POOL DEFAULT FLASH_CACHE DEFAULT CELL_FLASH_CACHE DEFAULT)
  TABLESPACE "SEPE"  ENABLE;
  ALTER TABLE "SEPE_DEMO"."SP_PTL_ASSOCIATION" MODIFY ("ID" NOT NULL ENABLE);
--------------------------------------------------------
--  Constraints for Table SP_PTL_DOCUMENT_INDEX
--------------------------------------------------------

  ALTER TABLE "SEPE_DEMO"."SP_PTL_DOCUMENT_INDEX" ADD CONSTRAINT "DOCUMENT_INDEX_PK" PRIMARY KEY ("USERID", "DOCUMENTID")
  USING INDEX PCTFREE 10 INITRANS 2 MAXTRANS 255 COMPUTE STATISTICS 
  STORAGE(INITIAL 65536 NEXT 1048576 MINEXTENTS 1 MAXEXTENTS 2147483645
  PCTINCREASE 0 FREELISTS 1 FREELIST GROUPS 1
  BUFFER_POOL DEFAULT FLASH_CACHE DEFAULT CELL_FLASH_CACHE DEFAULT)
  TABLESPACE "SEPE"  ENABLE;
  ALTER TABLE "SEPE_DEMO"."SP_PTL_DOCUMENT_INDEX" MODIFY ("DOCUMENTID" NOT NULL ENABLE);
  ALTER TABLE "SEPE_DEMO"."SP_PTL_DOCUMENT_INDEX" MODIFY ("USERID" NOT NULL ENABLE);
--------------------------------------------------------
--  Constraints for Table SP_PTL_EMPLOYEE_DISPUTE
--------------------------------------------------------

  ALTER TABLE "SEPE_DEMO"."SP_PTL_EMPLOYEE_DISPUTE" ADD CONSTRAINT "T_EMPLOYEE_DISPUTE_PK" PRIMARY KEY ("ID")
  USING INDEX PCTFREE 10 INITRANS 2 MAXTRANS 255 COMPUTE STATISTICS 
  STORAGE(INITIAL 65536 NEXT 1048576 MINEXTENTS 1 MAXEXTENTS 2147483645
  PCTINCREASE 0 FREELISTS 1 FREELIST GROUPS 1
  BUFFER_POOL DEFAULT FLASH_CACHE DEFAULT CELL_FLASH_CACHE DEFAULT)
  TABLESPACE "SEPE"  ENABLE;
  ALTER TABLE "SEPE_DEMO"."SP_PTL_EMPLOYEE_DISPUTE" MODIFY ("ID" NOT NULL ENABLE);
--------------------------------------------------------
--  Constraints for Table SP_PTL_SAFETY_TECHNICIAN
--------------------------------------------------------

  ALTER TABLE "SEPE_DEMO"."SP_PTL_SAFETY_TECHNICIAN" ADD CONSTRAINT "T_SAFETY_TECHNICIAN_PK" PRIMARY KEY ("ID")
  USING INDEX PCTFREE 10 INITRANS 2 MAXTRANS 255 COMPUTE STATISTICS 
  STORAGE(INITIAL 65536 NEXT 1048576 MINEXTENTS 1 MAXEXTENTS 2147483645
  PCTINCREASE 0 FREELISTS 1 FREELIST GROUPS 1
  BUFFER_POOL DEFAULT FLASH_CACHE DEFAULT CELL_FLASH_CACHE DEFAULT)
  TABLESPACE "SEPE"  ENABLE;
  ALTER TABLE "SEPE_DEMO"."SP_PTL_SAFETY_TECHNICIAN" MODIFY ("ID" NOT NULL ENABLE);
--------------------------------------------------------
--  Constraints for Table SP_PTL_CITIZEN
--------------------------------------------------------

  ALTER TABLE "SEPE_DEMO"."SP_PTL_CITIZEN" ADD CONSTRAINT "T_CITIZEN_PK" PRIMARY KEY ("ID")
  USING INDEX PCTFREE 10 INITRANS 2 MAXTRANS 255 COMPUTE STATISTICS 
  STORAGE(INITIAL 65536 NEXT 1048576 MINEXTENTS 1 MAXEXTENTS 2147483645
  PCTINCREASE 0 FREELISTS 1 FREELIST GROUPS 1
  BUFFER_POOL DEFAULT FLASH_CACHE DEFAULT CELL_FLASH_CACHE DEFAULT)
  TABLESPACE "SEPE"  ENABLE;
  ALTER TABLE "SEPE_DEMO"."SP_PTL_CITIZEN" MODIFY ("ID" NOT NULL ENABLE);
--------------------------------------------------------
--  Constraints for Table SP_PTL_EMPLOYEE_COMPLAINT
--------------------------------------------------------

  ALTER TABLE "SEPE_DEMO"."SP_PTL_EMPLOYEE_COMPLAINT" ADD CONSTRAINT "T_EMPLOYEE_COMPLAINT_NEW_PK" PRIMARY KEY ("ID")
  USING INDEX PCTFREE 10 INITRANS 2 MAXTRANS 255 COMPUTE STATISTICS 
  STORAGE(INITIAL 65536 NEXT 1048576 MINEXTENTS 1 MAXEXTENTS 2147483645
  PCTINCREASE 0 FREELISTS 1 FREELIST GROUPS 1
  BUFFER_POOL DEFAULT FLASH_CACHE DEFAULT CELL_FLASH_CACHE DEFAULT)
  TABLESPACE "SEPE"  ENABLE;
  ALTER TABLE "SEPE_DEMO"."SP_PTL_EMPLOYEE_COMPLAINT" MODIFY ("ID" NOT NULL ENABLE);
--------------------------------------------------------
--  Constraints for Table SP_PTL_USER
--------------------------------------------------------

  ALTER TABLE "SEPE_DEMO"."SP_PTL_USER" ADD CONSTRAINT "T_USER_UK1" UNIQUE ("EMAIL")
  USING INDEX PCTFREE 10 INITRANS 2 MAXTRANS 255 COMPUTE STATISTICS 
  STORAGE(INITIAL 65536 NEXT 1048576 MINEXTENTS 1 MAXEXTENTS 2147483645
  PCTINCREASE 0 FREELISTS 1 FREELIST GROUPS 1
  BUFFER_POOL DEFAULT FLASH_CACHE DEFAULT CELL_FLASH_CACHE DEFAULT)
  TABLESPACE "SEPE"  ENABLE;
  ALTER TABLE "SEPE_DEMO"."SP_PTL_USER" ADD CONSTRAINT "T_USER_PK" PRIMARY KEY ("ID")
  USING INDEX PCTFREE 10 INITRANS 2 MAXTRANS 255 COMPUTE STATISTICS 
  STORAGE(INITIAL 65536 NEXT 1048576 MINEXTENTS 1 MAXEXTENTS 2147483645
  PCTINCREASE 0 FREELISTS 1 FREELIST GROUPS 1
  BUFFER_POOL DEFAULT FLASH_CACHE DEFAULT CELL_FLASH_CACHE DEFAULT)
  TABLESPACE "SEPE"  ENABLE;
  ALTER TABLE "SEPE_DEMO"."SP_PTL_USER" MODIFY ("ID" NOT NULL ENABLE);
--------------------------------------------------------
--  Constraints for Table ZFAKE___T_EMPL_COMPL_MATTER
--------------------------------------------------------

  ALTER TABLE "SEPE_DEMO"."ZFAKE___T_EMPL_COMPL_MATTER" ADD CONSTRAINT "T_EMP_COMPL_MATTER_PK" PRIMARY KEY ("ID")
  USING INDEX PCTFREE 10 INITRANS 2 MAXTRANS 255 COMPUTE STATISTICS 
  STORAGE(INITIAL 65536 NEXT 1048576 MINEXTENTS 1 MAXEXTENTS 2147483645
  PCTINCREASE 0 FREELISTS 1 FREELIST GROUPS 1
  BUFFER_POOL DEFAULT FLASH_CACHE DEFAULT CELL_FLASH_CACHE DEFAULT)
  TABLESPACE "SEPE"  ENABLE;
  ALTER TABLE "SEPE_DEMO"."ZFAKE___T_EMPL_COMPL_MATTER" MODIFY ("ID" NOT NULL ENABLE);
--------------------------------------------------------
--  Constraints for Table ZFAKE_T_EMPL_DISPUTE_SUBJECT
--------------------------------------------------------

  ALTER TABLE "SEPE_DEMO"."ZFAKE_T_EMPL_DISPUTE_SUBJECT" ADD CONSTRAINT "T_EMPLOYEE_DISPUTE_SUBJEC_PK" PRIMARY KEY ("SP_RLS_DETAIL_CODE")
  USING INDEX PCTFREE 10 INITRANS 2 MAXTRANS 255 COMPUTE STATISTICS 
  STORAGE(INITIAL 65536 NEXT 1048576 MINEXTENTS 1 MAXEXTENTS 2147483645
  PCTINCREASE 0 FREELISTS 1 FREELIST GROUPS 1
  BUFFER_POOL DEFAULT FLASH_CACHE DEFAULT CELL_FLASH_CACHE DEFAULT)
  TABLESPACE "SEPE"  ENABLE;
  ALTER TABLE "SEPE_DEMO"."ZFAKE_T_EMPL_DISPUTE_SUBJECT" MODIFY ("SP_RLS_DETAIL_CODE" NOT NULL ENABLE);
--------------------------------------------------------
--  Ref Constraints for Table SP_PTL_BRANCH
--------------------------------------------------------

  ALTER TABLE "SEPE_DEMO"."SP_PTL_BRANCH" ADD CONSTRAINT "T_BRANCH_COMP_FK" FOREIGN KEY ("COMP_ID")
	  REFERENCES "SEPE_DEMO"."SP_PTL_COMPANY" ("ID") ENABLE;
--------------------------------------------------------
--  Ref Constraints for Table SP_PTL_CITIZEN
--------------------------------------------------------

  ALTER TABLE "SEPE_DEMO"."SP_PTL_CITIZEN" ADD CONSTRAINT "T_CITIZEN_T_USER_FK1" FOREIGN KEY ("USER_ID")
	  REFERENCES "SEPE_DEMO"."SP_PTL_USER" ("ID") ENABLE;
--------------------------------------------------------
--  Ref Constraints for Table SP_PTL_COMPANY_USER
--------------------------------------------------------

  ALTER TABLE "SEPE_DEMO"."SP_PTL_COMPANY_USER" ADD CONSTRAINT "T_COMPANY_USER_COMP_FK" FOREIGN KEY ("COMP_ID")
	  REFERENCES "SEPE_DEMO"."SP_PTL_COMPANY" ("ID") ENABLE;
  ALTER TABLE "SEPE_DEMO"."SP_PTL_COMPANY_USER" ADD CONSTRAINT "T_COMPANY_USER_USER_FK" FOREIGN KEY ("USER_ID")
	  REFERENCES "SEPE_DEMO"."SP_PTL_USER" ("ID") ENABLE;
--------------------------------------------------------
--  Ref Constraints for Table SP_PTL_COMPANY_USER_PRIVILAGES
--------------------------------------------------------

  ALTER TABLE "SEPE_DEMO"."SP_PTL_COMPANY_USER_PRIVILAGES" ADD CONSTRAINT "T_COMP_USER_PRIV_BRANCH_FK" FOREIGN KEY ("BRANCH_ID")
	  REFERENCES "SEPE_DEMO"."SP_PTL_BRANCH" ("ID") ENABLE;
  ALTER TABLE "SEPE_DEMO"."SP_PTL_COMPANY_USER_PRIVILAGES" ADD CONSTRAINT "T_COMP_USER_PRIV_COMP_FK" FOREIGN KEY ("COMP_ID")
	  REFERENCES "SEPE_DEMO"."SP_PTL_COMPANY" ("ID") ENABLE;
  ALTER TABLE "SEPE_DEMO"."SP_PTL_COMPANY_USER_PRIVILAGES" ADD CONSTRAINT "T_COMP_USER_PRIV_USER_FK" FOREIGN KEY ("USER_ID")
	  REFERENCES "SEPE_DEMO"."SP_PTL_USER" ("ID") ENABLE;
--------------------------------------------------------
--  Ref Constraints for Table SP_PTL_EMPLOYEE
--------------------------------------------------------

  ALTER TABLE "SEPE_DEMO"."SP_PTL_EMPLOYEE" ADD CONSTRAINT "T_EMPLOYEE_USER_FK" FOREIGN KEY ("USER_ID")
	  REFERENCES "SEPE_DEMO"."SP_PTL_USER" ("ID") ENABLE;
--------------------------------------------------------
--  Ref Constraints for Table SP_PTL_EMPLOYEE_COMPLAINT
--------------------------------------------------------

  ALTER TABLE "SEPE_DEMO"."SP_PTL_EMPLOYEE_COMPLAINT" ADD CONSTRAINT "T_EMPLOYEE_COMPLAINT_NEW__FK1" FOREIGN KEY ("USER_ID")
	  REFERENCES "SEPE_DEMO"."SP_PTL_USER" ("ID") ENABLE;
--------------------------------------------------------
--  Ref Constraints for Table SP_PTL_EMPLOYEE_DISPUTE
--------------------------------------------------------

  ALTER TABLE "SEPE_DEMO"."SP_PTL_EMPLOYEE_DISPUTE" ADD CONSTRAINT "T_EMPLOYEE_DISPUTE_T_USER_FK1" FOREIGN KEY ("USER_ID")
	  REFERENCES "SEPE_DEMO"."SP_PTL_USER" ("ID") ENABLE;
--------------------------------------------------------
--  Ref Constraints for Table SP_PTL_EMPLOYEE_DISPUTE_REASON
--------------------------------------------------------

  ALTER TABLE "SEPE_DEMO"."SP_PTL_EMPLOYEE_DISPUTE_REASON" ADD CONSTRAINT "T_DISPUTE_T_EMPLOYEE_DISP_FK1" FOREIGN KEY ("T_EMPLOYEE_DISPUTE")
	  REFERENCES "SEPE_DEMO"."SP_PTL_EMPLOYEE_DISPUTE" ("ID") ENABLE;
--------------------------------------------------------
--  Ref Constraints for Table SP_PTL_SAFETY_TECHNICIAN
--------------------------------------------------------

  ALTER TABLE "SEPE_DEMO"."SP_PTL_SAFETY_TECHNICIAN" ADD CONSTRAINT "T_SAFETY_TECHNICIAN_USER_FK" FOREIGN KEY ("USER_ID")
	  REFERENCES "SEPE_DEMO"."SP_PTL_USER" ("ID") ENABLE;
--------------------------------------------------------
--  Ref Constraints for Table SP_PTL_WORKPLACE_DOCTOR
--------------------------------------------------------

  ALTER TABLE "SEPE_DEMO"."SP_PTL_WORKPLACE_DOCTOR" ADD CONSTRAINT "T_WORKPLACE_DOCTOR_USER_FK" FOREIGN KEY ("USER_ID")
	  REFERENCES "SEPE_DEMO"."SP_PTL_USER" ("ID") ENABLE;
--------------------------------------------------------
--  DDL for Trigger NOTIFICATION_TR
--------------------------------------------------------

  CREATE OR REPLACE EDITIONABLE TRIGGER "SEPE_DEMO"."NOTIFICATION_TR" 
  BEFORE INSERT ON "SP_PTL_NOTIFICATIONS_ACCOUNT"
  FOR EACH ROW
BEGIN
  SELECT NOTIFICATIONS_SEQ.nextval
    INTO :new.ID
    FROM dual;
END;
/
ALTER TRIGGER "SEPE_DEMO"."NOTIFICATION_TR" ENABLE;
--------------------------------------------------------
--  DDL for Procedure CREATE_NOTIFICATION_ACCOUNT
--------------------------------------------------------
set define off;

  CREATE OR REPLACE EDITIONABLE PROCEDURE "SEPE_DEMO"."CREATE_NOTIFICATION_ACCOUNT" 
(
  ACCOUNT_ID IN NUMBER
, DOC_ID IN NUMBER 
, TITLE IN VARCHAR2 
, MESSAGE IN VARCHAR2 
, SENDER IN VARCHAR2
, PRIORITY IN NUMBER -- 1 low 2 normal 3 high
) AS 
e EXCEPTION;
BEGIN
  
  IF (ACCOUNT_ID IS NULL OR TITLE IS NULL OR MESSAGE IS NULL) then
 
       RAISE e ;
  end if; 
  
  INSERT INTO SP_PTL_NOTIFICATIONS_ACCOUNT (DOC_ID, TITLE, MESSAGE, SENDER, PRIORITY, VIEWED, ACCOUNT_ID)
  VALUES( DOC_ID, TITLE, MESSAGE, SENDER, PRIORITY,0,ACCOUNT_ID);
  
  
  EXCEPTION
    WHEN e

    THEN
        
        DBMS_OUTPUT.put_line ('Error occured: ' || SQLCODE || ' - ' || 'NULL ARGUMENTS');
        ROLLBACK;

  
END CREATE_NOTIFICATION_ACCOUNT;

/
--------------------------------------------------------
--  DDL for Procedure GETDATAFILE
--------------------------------------------------------
set define off;

  CREATE OR REPLACE EDITIONABLE PROCEDURE "SEPE_DEMO"."GETDATAFILE" 
(
  USER_ID IN NUMBER 
, DOCUMENT_ID IN NUMBER 
, DOCUMENT_FILE OUT BLOB 
, out_errMsg OUT VARCHAR2 
) IS 
 
BEGIN

Select  DATAFILE  into DOCUMENT_FILE from SP_PTL_DOCUMENT_INDEX where USERID=USER_ID AND DOCUMENTID=DOCUMENT_ID;
out_errMsg:='';
EXCEPTION
    WHEN OTHERS

    THEN
        out_errMsg := 'Error occured: ' || SQLCODE || ' - ' || SQLERRM;
        DBMS_OUTPUT.put_line ('Error occured: ' || SQLCODE || ' - ' || SQLERRM);
        ROLLBACK;
END  ;

/
--------------------------------------------------------
--  DDL for Procedure SETDATAFILE
--------------------------------------------------------
set define off;

  CREATE OR REPLACE EDITIONABLE PROCEDURE "SEPE_DEMO"."SETDATAFILE" 
(
  USER_ID IN NUMBER 
, DOCUMENT_ID IN NUMBER 
, DOCUMENT_FILE IN BLOB 
, DOCUMENT_ID_OUT OUT NUMBER 
, out_errMsg OUT VARCHAR2 
) AS 
 
   e EXCEPTION;
   flag1 number:=0;
   flag2 number:=0;
   maxid number:=0;

BEGIN
 
if (USER_ID is null OR  DOCUMENT_FILE is null) then
  out_errMsg:='Null USER_ID of DOCUMENT FILE';
  DBMS_OUTPUT.PUT_LINE('>exception');
  RAISE e ;
end if;

select count(*) into flag1 from SP_PTL_DOCUMENT_INDEX where DOCUMENTID=DOCUMENT_ID;
select count(*) into flag2 from SP_PTL_DOCUMENT_INDEX where DOCUMENTID=DOCUMENT_ID AND USERID=USER_ID;

if (DOCUMENT_ID is null OR flag1=0) then 
  Select max(DOCUMENTID) into maxid from SP_PTL_DOCUMENT_INDEX;
  DOCUMENT_ID_OUT:=maxid+1;
  Insert into SP_PTL_DOCUMENT_INDEX VALUES(USER_ID,DOCUMENT_ID_OUT, DOCUMENT_FILE );
else
    DBMS_OUTPUT.PUT_LINE('flag1 ' ||flag1 ||' flag2 '  ||flag2);
    
  if (flag1<> flag2) then 
   out_errMsg := 'Document Exists from other user';
   DBMS_OUTPUT.PUT_LINE('exception' ||out_errMsg);
    RAISE e ;
  else
    DBMS_OUTPUT.PUT_LINE('update');
    update SP_PTL_DOCUMENT_INDEX set DATAFILE=DOCUMENT_FILE where USERID=USER_ID AND DOCUMENTID=DOCUMENT_ID ;
    DOCUMENT_ID_OUT:=DOCUMENT_ID;
  end if;
  end if;  
  
EXCEPTION
  
    WHEN OTHERS  THEN
        out_errMsg := 'Error occured: ' || SQLCODE || ' - ' || out_errMsg;
        DBMS_OUTPUT.put_line ('Error occured: ' || SQLCODE || ' - ' || out_errMsg);
        ROLLBACK;
END  ;

/
--------------------------------------------------------
--  DDL for Procedure SP_PTL_UPDATE_DOCUMENT_STATUS
--------------------------------------------------------
set define off;

  CREATE OR REPLACE EDITIONABLE PROCEDURE "SEPE_DEMO"."SP_PTL_UPDATE_DOCUMENT_STATUS" 
   (
    
    SP_COM_DOC_ID   in NUMBER,           -- ΚΩΔΙΚΌΣ ΕΓΓΡΑΦΟΥ 
    APPLICATION_TYPE_NUMBER in NUMBER,   -- ΚΩΔΙΚΌΣ ΥΠΗΡΕΣΙΑΣ 
    -- 1 Εργατική Καταγγελία
    -- 2 Εργατική Διαφορεα 
    -- 3 .....
    APPLICATION_STATUS_NUMBER in NUMBER, -- ΚΑΤΑΣΤΑΣΗ ΥΠΟΒΟΛΉΣ
    -- UNKNOWN("UNKNOWN", 0),
    -- INPROGRESS("Σε Εξέλιξη", 1),
    -- CHARGED("Χρεώθηκε", 2),
    -- EXAMINATION("Έλεγχος", 3),
    -- RECORDS("Αρχείο", 4);
    CASE_ID_NUMBER in NUMBER,            -- ΚΩΔΙΚΌΣ ΥΠΟΘΕΣΗΣ
    -- OUTPUT PARAMETERS
    out_errMsg OUT VARCHAR2              -- ΕΠΙΣΤΡΟΦΗ ΜΉΝΥΜΑΤΟΣ ΛΑΘΟΥΣ
   )
   IS

-- Purpose: Ενημέρωση της κατάστασησς στο πορταλ μιας υποβολής 
 
 
  BEGIN
        if SP_COM_DOC_ID is not NULL AND APPLICATION_TYPE_NUMBER is not NULL AND APPLICATION_STATUS_NUMBER is not NULL then
            if APPLICATION_TYPE_NUMBER = 1 then  -- Εργατική Καταγγελία  
               if CASE_ID_NUMBER is not NULL then   
                  update SP_PTL_EMPLOYEE_COMPLAINT
                  SET  SP_PTL_EMPLOYEE_COMPLAINT.REQ_STATUS=APPLICATION_STATUS_NUMBER, SP_PTL_EMPLOYEE_COMPLAINT.CASE_ID=CASE_ID_NUMBER
                  where SP_PTL_EMPLOYEE_COMPLAINT.DOC_ID =SP_COM_DOC_ID;
               else
                  update SP_PTL_EMPLOYEE_COMPLAINT
                  SET  SP_PTL_EMPLOYEE_COMPLAINT.REQ_STATUS=APPLICATION_STATUS_NUMBER 
                  where SP_PTL_EMPLOYEE_COMPLAINT.DOC_ID =SP_COM_DOC_ID;
               end if;
            ELSIF APPLICATION_TYPE_NUMBER = 2 then --  Εργατική Διαφορά
                if CASE_ID_NUMBER is not NULL then   
                  update SP_PTL_EMPLOYEE_DISPUTE
                  SET  SP_PTL_EMPLOYEE_DISPUTE.REQ_STATUS=APPLICATION_STATUS_NUMBER, SP_PTL_EMPLOYEE_DISPUTE.CASE_ID=CASE_ID_NUMBER
                  where SP_PTL_EMPLOYEE_DISPUTE.DOC_ID =SP_COM_DOC_ID;
               else
                  update SP_PTL_EMPLOYEE_DISPUTE
                  SET  SP_PTL_EMPLOYEE_DISPUTE.REQ_STATUS=APPLICATION_STATUS_NUMBER 
                  where SP_PTL_EMPLOYEE_DISPUTE.DOC_ID =SP_COM_DOC_ID;
               end if;
          --else if APPLICATION_TYPE_NUMBER == 3 then
        
            end if;     
        end if;
 
 DBMS_OUTPUT.put_line ('OK');
 out_errMsg:='OK';
 
commit;

EXCEPTION
    WHEN OTHERS

    THEN
        out_errMsg := 'Error occured: ' || SQLCODE || ' - ' || SQLERRM;
        DBMS_OUTPUT.put_line ('Error occured: ' || SQLCODE || ' - ' || SQLERRM);
        ROLLBACK;


END; -- Procedure

/
